date,symbole,interval,spread_pct,n_ecarts
2026-05-31,BTCUSDT,5m,0.038293,287
2026-05-31,ETHUSDT,5m,0.051098,287
2026-05-31,SOLUSDT,5m,0.056106,287
2026-05-31,XRPUSDT,5m,0.009702,287
2026-06-01,0700.HK,5m,0.044859,66
2026-06-01,9984.T,5m,0.327933,65
2026-06-01,AAPL,5m,0.079013,77
2026-06-01,AIR.PA,5m,0.058885,101
2026-06-01,AUDUSD=X,5m,0.025764,287
2026-06-01,BTCUSDT,5m,0.02308,287
2026-06-01,CC=F,5m,0.190244,97
2026-06-01,ETHUSDT,5m,0.095378,287
2026-06-01,EURUSD=X,5m,0.011631,287
2026-06-01,GBPUSD=X,5m,0.010234,287
2026-06-01,GC=F,5m,0.030526,227
2026-06-01,GOOGL,5m,0.079546,77
2026-06-01,KO,5m,0.057418,77
2026-06-01,META,5m,0.135508,77
2026-06-01,MSFT,5m,0.148895,77
2026-06-01,NVDA,5m,0.244409,77
2026-06-01,NZDUSD=X,5m,0.031622,287
2026-06-01,SAN.PA,5m,0.072536,101
2026-06-01,SAP.DE,5m,0.264341,101
2026-06-01,SI=F,5m,0.031989,227
2026-06-01,SOLUSDT,5m,0.023672,287
2026-06-01,TSLA,5m,0.094767,77
2026-06-01,UNH,5m,0.133869,77
2026-06-01,USDCAD=X,5m,0.014639,287
2026-06-01,USDCHF=X,5m,0.002498,287
2026-06-01,USDJPY=X,5m,0.007169,287
2026-06-01,XOM,5m,0.090346,77
2026-06-01,ZW=F,5m,0.121737,162
2026-06-01,^FCHI,5m,0.025302,101
2026-06-01,^GDAXI,5m,0.068767,101
2026-06-01,^NDX,5m,0.018869,77
2026-06-02,005930.KS,5m,0.810571,71
2026-06-02,2330.TW,5m,0.144596,52
2026-06-02,6758.T,5m,0.26361,64
2026-06-02,9984.T,5m,0.759705,64
2026-06-02,AIR.PA,5m,0.016756,101
2026-06-02,AUDUSD=X,5m,0.007094,287
2026-06-02,BNBUSDT,5m,0.122946,287
2026-06-02,BNP.PA,5m,0.029553,101
2026-06-02,BZ=F,5m,0.059791,272
2026-06-02,CL=F,5m,0.039863,275
2026-06-02,EURUSD=X,5m,0.009172,287
2026-06-02,GBPUSD=X,5m,0.008401,287
2026-06-02,KC=F,5m,0.079867,97
2026-06-02,MC.PA,5m,0.098135,101
2026-06-02,MSFT,5m,0.03972,77
2026-06-02,NG=F,5m,0.051623,274
2026-06-02,NZDUSD=X,5m,0.003878,287
2026-06-02,TSLA,5m,0.227709,77
2026-06-02,TTE.PA,5m,0.032071,101
2026-06-02,USDCAD=X,5m,0.019172,287
2026-06-02,USDCHF=X,5m,0.00729,287
2026-06-02,USDJPY=X,5m,0.009632,287
2026-06-02,^GSPC,5m,0.021809,77
2026-06-02,^KS11,5m,1.006628,71
2026-06-02,^N225,5m,0.061581,67
2026-06-02,^STOXX50E,5m,0.029184,101
2026-06-03,0700.HK,5m,0.226074,66
2026-06-03,2330.TW,5m,0.247827,52
2026-06-03,6758.T,5m,0.162384,64
2026-06-03,9984.T,5m,0.306279,64
2026-06-03,9988.HK,5m,0.262129,66
2026-06-03,AAPL,5m,0.048832,77
2026-06-03,AIR.PA,5m,0.04222,101
2026-06-03,AUDUSD=X,5m,0.018525,287
2026-06-03,BTCUSDT,5m,0.09385,287
2026-06-03,BZ=F,5m,0.07595,270
2026-06-03,CC=F,5m,0.118749,97
2026-06-03,CL=F,5m,0.088663,275
2026-06-03,ETHUSDT,5m,0.066448,287
2026-06-03,EURUSD=X,5m,0.010943,287
2026-06-03,GBPUSD=X,5m,0.010183,287
2026-06-03,GC=F,5m,0.042441,275
2026-06-03,GOOGL,5m,0.119051,77
2026-06-03,HG=F,5m,0.080491,275
2026-06-03,MC.PA,5m,0.090199,101
2026-06-03,META,5m,0.146921,77
2026-06-03,NG=F,5m,0.031943,273
2026-06-03,NZDUSD=X,5m,0.02552,287
2026-06-03,PG,5m,0.043866,77
2026-06-03,SAN.PA,5m,0.043694,101
2026-06-03,SI=F,5m,0.113068,275
2026-06-03,SIE.DE,5m,0.10125,101
2026-06-03,SOLUSDT,5m,0.097472,287
2026-06-03,TTE.PA,5m,0.079886,101
2026-06-03,USDCAD=X,5m,0.019529,287
2026-06-03,USDCHF=X,5m,0.023208,287
2026-06-03,USDJPY=X,5m,0.012264,287
2026-06-03,XOM,5m,0.103599,77
2026-06-03,XRPUSDT,5m,0.066944,287
2026-06-03,^FCHI,5m,0.041651,101
2026-06-03,^GDAXI,5m,0.021969,101
2026-06-03,^HSI,5m,0.045551,69
2026-06-03,^N225,5m,0.043172,67
2026-06-03,^STOXX50E,5m,0.011592,101
2026-06-04,005930.KS,5m,0.164272,71
2026-06-04,0700.HK,5m,0.13618,66
2026-06-04,2330.TW,5m,0.117851,52
2026-06-04,9984.T,5m,0.321007,64
2026-06-04,9988.HK,5m,0.138096,66
2026-06-04,AAPL,5m,0.088309,77
2026-06-04,AUDUSD=X,5m,0.017624,287
2026-06-04,BNBUSDT,5m,0.201308,287
2026-06-04,BTCUSDT,5m,0.135141,287
2026-06-04,BZ=F,5m,0.1107,256
2026-06-04,CL=F,5m,0.063328,275
2026-06-04,COST,5m,0.251547,77
2026-06-04,ETHUSDT,5m,0.219878,287
2026-06-04,EURUSD=X,5m,0.000272,287
2026-06-04,GBPUSD=X,5m,0.005571,287
2026-06-04,GC=F,5m,0.038764,275
2026-06-04,GOOGL,5m,0.063039,77
2026-06-04,HG=F,5m,0.041104,274
2026-06-04,JPM,5m,0.096316,77
2026-06-04,KO,5m,0.045041,77
2026-06-04,MC.PA,5m,0.025997,101
2026-06-04,NG=F,5m,0.104688,273
2026-06-04,NVDA,5m,0.097748,77
2026-06-04,NZDUSD=X,5m,0.010577,287
2026-06-04,PG,5m,0.092212,77
2026-06-04,SAP.DE,5m,0.263153,101
2026-06-04,SI=F,5m,0.108364,275
2026-06-04,SIE.DE,5m,0.029029,101
2026-06-04,SOLUSDT,5m,0.230975,287
2026-06-04,TSLA,5m,0.087775,77
2026-06-04,TTE.PA,5m,0.078232,101
2026-06-04,UNH,5m,0.076644,77
2026-06-04,USDCAD=X,5m,0.016549,287
2026-06-04,USDCHF=X,5m,0.008689,287
2026-06-04,USDJPY=X,5m,0.008119,287
2026-06-04,XOM,5m,0.066558,77
2026-06-04,XRPUSDT,5m,0.09949,287
2026-06-04,ZW=F,5m,0.059779,209
2026-06-04,^GSPC,5m,0.017464,77
2026-06-04,^HSI,5m,0.037641,69
2026-06-04,^KS11,5m,0.072408,71
2026-06-04,^N225,5m,0.114421,67
2026-06-05,005930.KS,5m,0.086096,71
2026-06-05,0700.HK,5m,0.229237,66
2026-06-05,2330.TW,5m,0.174104,52
2026-06-05,6758.T,5m,0.162466,64
2026-06-05,9984.T,5m,0.259526,65
2026-06-05,9988.HK,5m,0.019036,66
2026-06-05,AAPL,5m,0.153975,77
2026-06-05,AIR.PA,5m,0.090454,101
2026-06-05,ASML.AS,5m,0.194469,101
2026-06-05,BNP.PA,5m,0.085439,101
2026-06-05,BTCUSDT,5m,0.073636,287
2026-06-05,BZ=F,5m,0.096074,248
2026-06-05,CL=F,5m,0.074236,251
2026-06-05,ETHUSDT,5m,0.05544,287
2026-06-05,GOOGL,5m,0.131525,77
2026-06-05,MSFT,5m,0.11006,77
2026-06-05,NG=F,5m,0.09226,251
2026-06-05,NVDA,5m,0.100141,77
2026-06-05,SIE.DE,5m,0.088552,101
2026-06-05,SOLUSDT,5m,0.036634,287
2026-06-05,TSLA,5m,0.083367,77
2026-06-05,TTE.PA,5m,0.039715,101
2026-06-05,UNH,5m,0.096405,77
2026-06-05,USDCAD=X,5m,0.013304,254
2026-06-05,USDJPY=X,5m,0.00556,251
2026-06-05,V,5m,0.014408,77
2026-06-05,^FCHI,5m,0.031326,101
2026-06-05,^GDAXI,5m,0.010723,101
2026-06-05,^GSPC,5m,0.049591,77
2026-06-05,^HSI,5m,0.067815,69
2026-06-05,^NDX,5m,0.076561,77
2026-06-05,^STOXX50E,5m,0.020934,101
2026-06-06,BNBUSDT,5m,0.047908,287
2026-06-06,BTCUSDT,5m,0.063476,287
2026-06-07,BNBUSDT,5m,0.13492,287
2026-06-07,BTCUSDT,5m,0.147525,287
2026-06-07,ETHUSDT,5m,0.187833,287
2026-06-07,SOLUSDT,5m,0.152217,287
2026-06-07,XRPUSDT,5m,0.062255,287
2026-06-08,005930.KS,5m,0.739912,66
2026-06-08,2330.TW,5m,0.270182,52
2026-06-08,6758.T,5m,0.038724,65
2026-06-08,9984.T,5m,0.418054,62
2026-06-08,9988.HK,5m,0.115835,66
2026-06-08,AIR.PA,5m,0.08495,101
2026-06-08,AMZN,5m,0.103863,77
2026-06-08,ASML.AS,5m,0.076092,101
2026-06-08,AUDUSD=X,5m,0.003792,287
2026-06-08,BNBUSDT,5m,0.063828,287
2026-06-08,BNP.PA,5m,0.057283,101
2026-06-08,BTCUSDT,5m,0.113716,287
2026-06-08,BZ=F,5m,0.131157,262
2026-06-08,CC=F,5m,0.117177,97
2026-06-08,CL=F,5m,0.091097,275
2026-06-08,COST,5m,0.140809,77
2026-06-08,ETHUSDT,5m,0.10918,287
2026-06-08,EURUSD=X,5m,0.011442,287
2026-06-08,GBPUSD=X,5m,0.011814,287
2026-06-08,GC=F,5m,0.04949,274
2026-06-08,HG=F,5m,0.081839,274
2026-06-08,JPM,5m,0.087973,77
2026-06-08,KC=F,5m,0.207112,97
2026-06-08,MSFT,5m,0.069144,77
2026-06-08,NG=F,5m,0.086143,273
2026-06-08,SAN.PA,5m,0.020385,101
2026-06-08,SAP.DE,5m,0.041399,101
2026-06-08,SI=F,5m,0.060369,274
2026-06-08,SIE.DE,5m,0.077641,101
2026-06-08,SOLUSDT,5m,0.119092,287
2026-06-08,UNH,5m,0.135913,77
2026-06-08,USDCAD=X,5m,0.012775,287
2026-06-08,USDJPY=X,5m,0.006826,287
2026-06-08,XRPUSDT,5m,0.023763,287
2026-06-08,ZW=F,5m,0.116674,210
2026-06-08,^FCHI,5m,0.009969,101
2026-06-08,^GSPC,5m,0.041197,77
2026-06-08,^KS11,5m,0.559001,71
2026-06-08,^N225,5m,0.114021,67
2026-06-09,005930.KS,5m,0.516941,71
2026-06-09,0700.HK,5m,0.262029,66
2026-06-09,2330.TW,5m,0.184663,52
2026-06-09,7203.T,5m,0.033493,64
2026-06-09,9984.T,5m,0.44081,65
2026-06-09,9988.HK,5m,0.276876,66
2026-06-09,AAPL,5m,0.123913,77
2026-06-09,AMZN,5m,0.127079,77
2026-06-09,AUDUSD=X,5m,0.01117,287
2026-06-09,BNBUSDT,5m,0.08594,287
2026-06-09,BTCUSDT,5m,0.121517,287
2026-06-09,BZ=F,5m,0.228933,267
2026-06-09,CC=F,5m,0.224031,97
2026-06-09,CL=F,5m,0.243936,274
2026-06-09,COST,5m,0.077149,77
2026-06-09,ETHUSDT,5m,0.156134,287
2026-06-09,EURUSD=X,5m,0.00971,287
2026-06-09,GBPUSD=X,5m,0.011812,287
2026-06-09,GC=F,5m,0.038534,275
2026-06-09,HG=F,5m,0.042207,275
2026-06-09,JPM,5m,0.017001,77
2026-06-09,KC=F,5m,0.178887,98
2026-06-09,META,5m,0.1637,77
2026-06-09,MSFT,5m,0.121547,77
2026-06-09,NG=F,5m,0.1271,271
2026-06-09,NZDUSD=X,5m,0.013186,287
2026-06-09,SAN.PA,5m,0.038399,101
2026-06-09,SAP.DE,5m,0.014856,101
2026-06-09,SOLUSDT,5m,0.166663,287
2026-06-09,TSLA,5m,0.298583,77
2026-06-09,UNH,5m,0.184433,77
2026-06-09,USDCAD=X,5m,0.014386,287
2026-06-09,USDCHF=X,5m,0.014117,287
2026-06-09,USDJPY=X,5m,0.005245,287
2026-06-09,V,5m,0.1113,77
2026-06-09,XRPUSDT,5m,0.133342,287
2026-06-09,ZW=F,5m,0.083505,205
2026-06-09,^HSI,5m,0.116872,69
2026-06-09,^KS11,5m,0.353467,71
2026-06-09,^N225,5m,0.113196,67
2026-06-10,005930.KS,5m,0.443184,71
2026-06-10,0700.HK,5m,0.099728,66
2026-06-10,2330.TW,5m,0.190509,52
2026-06-10,9988.HK,5m,0.334911,66
2026-06-10,AAPL,5m,0.045887,77
2026-06-10,AIR.PA,5m,0.064629,101
2026-06-10,AMZN,5m,0.109075,77
2026-06-10,AUDUSD=X,5m,0.006483,287
2026-06-10,BNBUSDT,5m,0.062848,287
2026-06-10,BTCUSDT,5m,0.079165,287
2026-06-10,CC=F,5m,0.105268,97
2026-06-10,COST,5m,0.216204,77
2026-06-10,ETHUSDT,5m,0.146661,287
2026-06-10,EURUSD=X,5m,0.010952,287
2026-06-10,GC=F,5m,0.076641,275
2026-06-10,HG=F,5m,0.02873,275
2026-06-10,JPM,5m,0.038705,77
2026-06-10,KO,5m,0.060169,77
2026-06-10,MC.PA,5m,0.063732,101
2026-06-10,META,5m,0.054687,77
2026-06-10,NVDA,5m,0.206579,77
2026-06-10,PG,5m,0.058939,77
2026-06-10,SI=F,5m,0.025517,275
2026-06-10,SIE.DE,5m,0.025248,101
2026-06-10,SOLUSDT,5m,0.178994,287
2026-06-10,TSLA,5m,0.076416,77
2026-06-10,USDCAD=X,5m,0.018925,287
2026-06-10,USDCHF=X,5m,0.020702,287
2026-06-10,USDJPY=X,5m,0.004859,287
2026-06-10,XOM,5m,0.044965,77
2026-06-10,XRPUSDT,5m,0.147369,287
2026-06-10,ZW=F,5m,0.087611,207
2026-06-10,^FCHI,5m,0.050975,101
2026-06-10,^GDAXI,5m,0.045584,101
2026-06-10,^HSI,5m,0.113605,69
2026-06-10,^KS11,5m,0.335536,71
2026-06-10,^N225,5m,0.099101,67
2026-06-10,^NDX,5m,0.044775,77
2026-06-10,^STOXX50E,5m,0.036664,101
2026-06-11,2330.TW,5m,0.089956,52
2026-06-11,AAPL,5m,0.036656,77
2026-06-11,ASML.AS,5m,0.188346,101
2026-06-11,CC=F,5m,0.092558,98
2026-06-11,GOOGL,5m,0.151593,77
2026-06-11,JPM,5m,0.079752,77
2026-06-11,KC=F,5m,0.145284,98
2026-06-11,META,5m,0.077726,77
2026-06-11,MSFT,5m,0.041244,77
2026-06-11,NG=F,5m,0.023753,274
2026-06-11,NVDA,5m,0.178767,77
2026-06-11,TTE.PA,5m,0.076645,101
2026-06-11,UNH,5m,0.053089,77
2026-06-11,ZW=F,5m,0.066216,210
2026-06-11,^N225,5m,0.043329,67
2026-06-11,^NDX,5m,0.047327,77
2026-06-11,^STOXX50E,5m,0.025592,101
2026-06-12,005930.KS,5m,0.253875,71
2026-06-12,0700.HK,5m,0.186543,67
2026-06-12,2330.TW,5m,0.283963,52
2026-06-12,9984.T,5m,0.364483,64
2026-06-12,9988.HK,5m,0.209765,66
2026-06-12,ASML.AS,5m,0.219408,101
2026-06-12,BNBUSDT,5m,0.072345,287
2026-06-12,BTCUSDT,5m,0.073664,287
2026-06-12,BZ=F,5m,0.023227,251
2026-06-12,CC=F,5m,0.135197,98
2026-06-12,COST,5m,0.05157,77
2026-06-12,ETHUSDT,5m,0.113686,287
2026-06-12,EURUSD=X,5m,0.011963,257
2026-06-12,GBPUSD=X,5m,0.009261,257
2026-06-12,GC=F,5m,0.078986,251
2026-06-12,HG=F,5m,0.035185,251
2026-06-12,JPM,5m,0.050353,77
2026-06-12,KC=F,5m,0.088192,97
2026-06-12,KO,5m,0.023444,77
2026-06-12,MC.PA,5m,0.134012,101
2026-06-12,MSFT,5m,0.120471,77
2026-06-12,NG=F,5m,0.111533,251
2026-06-12,NVDA,5m,0.156795,77
2026-06-12,SAP.DE,5m,0.165479,101
2026-06-12,SI=F,5m,0.118524,251
2026-06-12,SOLUSDT,5m,0.089687,287
2026-06-12,TSLA,5m,0.291163,77
2026-06-12,TTE.PA,5m,0.093093,101
2026-06-12,UNH,5m,0.130995,77
2026-06-12,USDCAD=X,5m,0.02041,253
2026-06-12,USDCHF=X,5m,0.014188,252
2026-06-12,USDJPY=X,5m,0.008946,252
2026-06-12,XOM,5m,0.138111,77
2026-06-12,XRPUSDT,5m,0.105964,287
2026-06-12,^GDAXI,5m,0.025977,101
2026-06-12,^GSPC,5m,0.035194,77
2026-06-12,^HSI,5m,0.044693,69
2026-06-12,^KS11,5m,0.224621,71
2026-06-12,^NDX,5m,0.08966,77
2026-06-12,^STOXX50E,5m,0.04927,101
2026-06-13,BNBUSDT,5m,0.049722,287
2026-06-13,BTCUSDT,5m,0.03429,287
2026-06-13,ETHUSDT,5m,0.047242,287
2026-06-13,SOLUSDT,5m,0.07589,287
2026-06-13,XRPUSDT,5m,0.080279,287
2026-06-15,005930.KS,5m,0.091684,71
2026-06-15,0700.HK,5m,0.205216,66
2026-06-15,2330.TW,5m,0.261726,52
2026-06-15,6758.T,5m,0.123444,65
2026-06-15,7203.T,5m,0.057433,65
2026-06-15,9984.T,5m,0.234285,62
2026-06-15,9988.HK,5m,0.191245,66
2026-06-15,AAPL,5m,0.062211,77
2026-06-15,AIR.PA,5m,0.099755,101
2026-06-15,AMZN,5m,0.109292,77
2026-06-15,ASML.AS,5m,0.125643,101
2026-06-15,AUDUSD=X,5m,0.008864,287
2026-06-15,BNP.PA,5m,0.066101,101
2026-06-15,BTCUSDT,5m,0.033403,287
2026-06-15,BZ=F,5m,0.108256,265
2026-06-15,CC=F,5m,0.019237,104
2026-06-15,CL=F,5m,0.114949,275
2026-06-15,COST,5m,0.05819,77
2026-06-15,EURUSD=X,5m,0.016521,287
2026-06-15,GBPUSD=X,5m,0.011172,287
2026-06-15,GC=F,5m,0.050088,275
2026-06-15,GOOGL,5m,0.068579,77
2026-06-15,HG=F,5m,0.057834,274
2026-06-15,MC.PA,5m,0.048362,101
2026-06-15,META,5m,0.050687,77
2026-06-15,MSFT,5m,0.137614,77
2026-06-15,NVDA,5m,0.062776,77
2026-06-15,NZDUSD=X,5m,0.010928,287
2026-06-15,PG,5m,0.184917,77
2026-06-15,SI=F,5m,0.118208,275
2026-06-15,SIE.DE,5m,0.050972,101
2026-06-15,SOLUSDT,5m,0.124168,287
2026-06-15,TSLA,5m,0.243339,77
2026-06-15,USDCAD=X,5m,0.018556,287
2026-06-15,USDCHF=X,5m,0.01577,287
2026-06-15,USDJPY=X,5m,0.007222,287
2026-06-15,V,5m,0.117123,77
2026-06-15,XRPUSDT,5m,0.199848,287
2026-06-15,^GDAXI,5m,0.016405,101
2026-06-15,^GSPC,5m,0.037755,77
2026-06-15,^KS11,5m,0.072982,71
2026-06-15,^NDX,5m,0.051351,77
2026-06-15,^STOXX50E,5m,0.025422,101
2026-06-16,005930.KS,5m,0.267447,71
2026-06-16,0700.HK,5m,0.100038,66
2026-06-16,2330.TW,5m,0.24217,52
2026-06-16,9988.HK,5m,0.03184,66
2026-06-16,AAPL,5m,0.115287,77
2026-06-16,AIR.PA,5m,0.055228,101
2026-06-16,AMZN,5m,0.03922,77
2026-06-16,ASML.AS,5m,0.12349,101
2026-06-16,AUDUSD=X,5m,0.006157,287
2026-06-16,BNBUSDT,5m,0.074018,287
2026-06-16,BTCUSDT,5m,0.059342,287
2026-06-16,ETHUSDT,5m,0.085228,287
2026-06-16,EURUSD=X,5m,0.005447,287
2026-06-16,GBPUSD=X,5m,0.005021,287
2026-06-16,GC=F,5m,0.039264,275
2026-06-16,HG=F,5m,0.03979,273
2026-06-16,JPM,5m,0.105139,77
2026-06-16,KC=F,5m,0.092989,110
2026-06-16,MSFT,5m,0.024939,77
2026-06-16,NG=F,5m,0.138597,275
2026-06-16,NVDA,5m,0.116029,77
2026-06-16,SAP.DE,5m,0.050801,101
2026-06-16,SI=F,5m,0.087238,275
2026-06-16,SOLUSDT,5m,0.089691,287
2026-06-16,TTE.PA,5m,0.017302,101
2026-06-16,UNH,5m,0.078516,77
2026-06-16,USDCAD=X,5m,0.021161,287
2026-06-16,USDCHF=X,5m,0.017845,287
2026-06-16,USDJPY=X,5m,0.004483,287
2026-06-16,XOM,5m,0.146064,77
2026-06-16,XRPUSDT,5m,0.049075,287
2026-06-16,^FCHI,5m,0.032444,101
2026-06-16,^GSPC,5m,0.043094,77
2026-06-16,^HSI,5m,0.060458,69
2026-06-16,^KS11,5m,0.121904,71
2026-06-16,^NDX,5m,0.072452,77
2026-06-16,^STOXX50E,5m,0.022214,101
2026-06-17,0700.HK,5m,0.074423,66
2026-06-17,2330.TW,5m,0.170372,52
2026-06-17,6758.T,5m,0.105166,64
2026-06-17,7203.T,5m,0.18016,64
2026-06-17,9984.T,5m,0.254697,66
2026-06-17,9988.HK,5m,0.185373,66
2026-06-17,AAPL,5m,0.116928,77
2026-06-17,AMZN,5m,0.118186,77
2026-06-17,BNBUSDT,5m,0.0978,287
2026-06-17,BNP.PA,5m,0.099913,101
2026-06-17,BTCUSDT,5m,0.121964,287
2026-06-17,BZ=F,5m,0.054473,273
2026-06-17,CC=F,5m,0.174643,104
2026-06-17,CL=F,5m,0.077475,275
2026-06-17,ETHUSDT,5m,0.154899,287
2026-06-17,JPM,5m,0.078687,77
2026-06-17,KO,5m,0.113501,77
2026-06-17,MC.PA,5m,0.116179,101
2026-06-17,META,5m,0.130488,77
2026-06-17,MSFT,5m,0.041345,77
2026-06-17,NVDA,5m,0.140798,77
2026-06-17,PG,5m,0.092378,77
2026-06-17,SIE.DE,5m,0.065634,101
2026-06-17,SOLUSDT,5m,0.196389,287
2026-06-17,TSLA,5m,0.192427,77
2026-06-17,USDCAD=X,5m,0.008554,287
2026-06-17,V,5m,0.10389,77
2026-06-17,XRPUSDT,5m,0.148038,287
2026-06-17,ZW=F,5m,0.054451,208
2026-06-17,^GDAXI,5m,0.027491,101
2026-06-17,^GSPC,5m,0.105376,77
2026-06-17,^HSI,5m,0.039408,69
2026-06-17,^KS11,5m,0.058453,71
2026-06-17,^N225,5m,0.113867,67
2026-06-17,^NDX,5m,0.161699,77
2026-06-17,^STOXX50E,5m,0.016468,101
2026-06-18,005930.KS,5m,0.291426,71
2026-06-18,0700.HK,5m,0.055649,66
2026-06-18,2330.TW,5m,0.186704,52
2026-06-18,6758.T,5m,0.024092,64
2026-06-18,7203.T,5m,0.153247,64
2026-06-18,9984.T,5m,0.371642,64
2026-06-18,AAPL,5m,0.112755,77
2026-06-18,AMZN,5m,0.081141,77
2026-06-18,ASML.AS,5m,0.139127,101
2026-06-18,AUDUSD=X,5m,0.00563,287
2026-06-18,BNBUSDT,5m,0.092456,287
2026-06-18,BNP.PA,5m,0.065411,101
2026-06-18,BTCUSDT,5m,0.116459,287
2026-06-18,CL=F,5m,0.021697,275
2026-06-18,ETHUSDT,5m,0.095627,287
2026-06-18,EURUSD=X,5m,0.012591,287
2026-06-18,JPM,5m,0.10074,77
2026-06-18,KO,5m,0.020601,77
2026-06-18,MC.PA,5m,0.069046,101
2026-06-18,NG=F,5m,0.07657,274
2026-06-18,NVDA,5m,0.153105,77
2026-06-18,NZDUSD=X,5m,0.002332,287
2026-06-18,PG,5m,0.126751,77
2026-06-18,SAN.PA,5m,0.076708,101
2026-06-18,SAP.DE,5m,0.033558,101
2026-06-18,SIE.DE,5m,0.064582,101
2026-06-18,SOLUSDT,5m,0.128103,287
2026-06-18,TSLA,5m,0.198984,77
2026-06-18,TTE.PA,5m,0.060992,101
2026-06-18,USDCAD=X,5m,0.015288,287
2026-06-18,USDCHF=X,5m,0.025123,287
2026-06-18,V,5m,0.105532,77
2026-06-18,XRPUSDT,5m,0.077497,287
2026-06-18,ZW=F,5m,0.057849,208
2026-06-18,^GDAXI,5m,0.032546,101
2026-06-18,^GSPC,5m,0.059058,77
2026-06-18,^KS11,5m,0.097459,71
2026-06-18,^N225,5m,0.084921,67
2026-06-18,^NDX,5m,0.080137,77
2026-06-19,6758.T,5m,0.12445,64
2026-06-19,7203.T,5m,0.043904,64
2026-06-19,9984.T,5m,0.409911,65
2026-06-19,AIR.PA,5m,0.122128,101
2026-06-19,ASML.AS,5m,0.147417,101
2026-06-19,AUDUSD=X,5m,0.01719,257
2026-06-19,BNBUSDT,5m,0.041856,287
2026-06-19,BTCUSDT,5m,0.056344,287
2026-06-19,ETHUSDT,5m,0.062991,287
2026-06-19,EURUSD=X,5m,0.011554,257
2026-06-19,GBPUSD=X,5m,0.009324,257
2026-06-19,MC.PA,5m,0.094367,101
2026-06-19,NZDUSD=X,5m,0.01829,257
2026-06-19,SIE.DE,5m,0.074606,101
2026-06-19,SOLUSDT,5m,0.04131,287
2026-06-19,USDCAD=X,5m,0.01422,254
2026-06-19,USDCHF=X,5m,0.012293,252
2026-06-19,USDJPY=X,5m,0.007875,253
2026-06-19,XRPUSDT,5m,0.085169,287
2026-06-19,^FCHI,5m,0.042525,101
2026-06-19,^GDAXI,5m,0.039904,101
2026-06-19,^N225,5m,0.089584,67
2026-06-19,^STOXX50E,5m,0.047572,101
2026-06-20,BTCUSDT,5m,0.02788,287
2026-06-20,ETHUSDT,5m,0.044805,287
2026-06-20,XRPUSDT,5m,0.071159,287
2026-06-21,BNBUSDT,5m,0.068138,287
2026-06-21,BTCUSDT,5m,0.020945,287
2026-06-21,ETHUSDT,5m,0.089476,287
2026-06-21,SOLUSDT,5m,0.095609,287
2026-06-21,XRPUSDT,5m,0.127552,287
2026-06-22,005930.KS,5m,0.297195,71
2026-06-22,0700.HK,5m,0.317315,67
2026-06-22,2330.TW,5m,0.246718,52
2026-06-22,6758.T,5m,0.189226,65
2026-06-22,7203.T,5m,0.091098,65
2026-06-22,9988.HK,5m,0.18652,66
2026-06-22,AIR.PA,5m,0.035859,101
2026-06-22,AMZN,5m,0.116495,77
2026-06-22,ASML.AS,5m,0.219954,101
2026-06-22,AUDUSD=X,5m,0.016127,287
2026-06-22,BNBUSDT,5m,0.028825,287
2026-06-22,BNP.PA,5m,0.065353,101
2026-06-22,BTCUSDT,5m,0.043963,287
2026-06-22,BZ=F,5m,0.66729,264
2026-06-22,CL=F,5m,0.421119,275
2026-06-22,COST,5m,0.124859,77
2026-06-22,ETHUSDT,5m,0.094483,287
2026-06-22,EURUSD=X,5m,0.004769,287
2026-06-22,GBPUSD=X,5m,0.010839,287
2026-06-22,GC=F,5m,0.249693,275
2026-06-22,GOOGL,5m,0.24692,77
2026-06-22,HG=F,5m,0.223473,275
2026-06-22,JPM,5m,0.124175,77
2026-06-22,KO,5m,0.059826,77
2026-06-22,META,5m,0.068343,77
2026-06-22,NG=F,5m,0.30279,272
2026-06-22,NZDUSD=X,5m,0.01384,287
2026-06-22,PG,5m,0.090581,77
2026-06-22,SAP.DE,5m,0.163988,101
2026-06-22,SI=F,5m,0.763906,275
2026-06-22,SIE.DE,5m,0.125043,101
2026-06-22,SOLUSDT,5m,0.084372,287
2026-06-22,TTE.PA,5m,0.106264,101
2026-06-22,USDCAD=X,5m,0.018071,287
2026-06-22,XOM,5m,0.12381,77
2026-06-22,XRPUSDT,5m,0.067302,287
2026-06-22,^FCHI,5m,0.04886,101
2026-06-22,^GDAXI,5m,0.059117,101
2026-06-22,^GSPC,5m,0.077699,77
2026-06-22,^HSI,5m,0.12002,69
2026-06-22,^KS11,5m,0.194832,71
2026-06-22,^N225,5m,0.01412,67
2026-06-22,^NDX,5m,0.143171,77
2026-06-22,^STOXX50E,5m,0.050792,101
2026-06-23,005930.KS,5m,0.223333,66
2026-06-23,0700.HK,5m,0.123572,66
2026-06-23,2330.TW,5m,0.198342,52
2026-06-23,9984.T,5m,0.39494,64
2026-06-23,9988.HK,5m,0.159047,66
2026-06-23,AAPL,5m,0.088524,77
2026-06-23,ASML.AS,5m,0.236028,101
2026-06-23,AUDUSD=X,5m,0.003414,287
2026-06-23,BZ=F,5m,0.097059,256
2026-06-23,CC=F,5m,0.25802,104
2026-06-23,CL=F,5m,0.06777,275
2026-06-23,EURUSD=X,5m,0.00959,287
2026-06-23,GBPUSD=X,5m,0.003201,287
2026-06-23,GC=F,5m,0.073573,275
2026-06-23,HG=F,5m,0.0507,274
2026-06-23,JPM,5m,0.057269,77
2026-06-23,KO,5m,0.077233,77
2026-06-23,MC.PA,5m,0.083788,101
2026-06-23,META,5m,0.139344,77
2026-06-23,MSFT,5m,0.100311,77
2026-06-23,NG=F,5m,0.068677,273
2026-06-23,NVDA,5m,0.078199,77
2026-06-23,PG,5m,0.044415,77
2026-06-23,SAN.PA,5m,0.037598,101
2026-06-23,SAP.DE,5m,0.054334,101
2026-06-23,SI=F,5m,0.084265,275
2026-06-23,TSLA,5m,0.149692,77
2026-06-23,UNH,5m,0.03287,77
2026-06-23,USDCAD=X,5m,0.012498,287
2026-06-23,USDCHF=X,5m,0.01008,287
2026-06-23,USDJPY=X,5m,0.005575,287
2026-06-23,XOM,5m,0.018654,77
2026-06-23,XRPUSDT,5m,0.061065,287
2026-06-23,ZW=F,5m,0.036012,208
2026-06-23,^N225,5m,0.134019,67
2026-06-23,^NDX,5m,0.039136,77
2026-06-24,2330.TW,5m,0.1985,52
2026-06-24,6758.T,5m,0.096589,64
2026-06-24,7203.T,5m,0.146624,64
2026-06-24,9984.T,5m,0.194829,64
2026-06-24,9988.HK,5m,0.30763,66
2026-06-24,AAPL,5m,0.089082,77
2026-06-24,AIR.PA,5m,0.055932,101
2026-06-24,AMZN,5m,0.049203,77
2026-06-24,ASML.AS,5m,0.191206,101
2026-06-24,AUDUSD=X,5m,0.024808,287
2026-06-24,BNP.PA,5m,0.099923,101
2026-06-24,BZ=F,5m,0.030727,248
2026-06-24,COST,5m,0.042081,77
2026-06-24,EURUSD=X,5m,0.021907,287
2026-06-24,GBPUSD=X,5m,0.02006,287
2026-06-24,JPM,5m,0.09984,77
2026-06-24,KC=F,5m,0.192407,110
2026-06-24,META,5m,0.126927,77
2026-06-24,MSFT,5m,0.082667,77
2026-06-24,NG=F,5m,0.056744,275
2026-06-24,NVDA,5m,0.139466,77
2026-06-24,NZDUSD=X,5m,0.042347,287
2026-06-24,SAN.PA,5m,0.101004,101
2026-06-24,SI=F,5m,0.119557,275
2026-06-24,SIE.DE,5m,0.035437,101
2026-06-24,TSLA,5m,0.143083,77
2026-06-24,UNH,5m,0.170569,77
2026-06-24,USDCAD=X,5m,0.014446,287
2026-06-24,USDCHF=X,5m,0.007345,287
2026-06-24,USDJPY=X,5m,0.008436,287
2026-06-24,^FCHI,5m,0.027433,101
2026-06-24,^GDAXI,5m,0.055871,101
2026-06-24,^GSPC,5m,0.053137,77
2026-06-24,^N225,5m,0.169431,67
2026-06-24,^NDX,5m,0.050668,77
2026-06-24,^STOXX50E,5m,0.051803,101
2026-06-25,005930.KS,5m,0.202451,71
2026-06-25,0700.HK,5m,0.069945,66
2026-06-25,2330.TW,5m,0.288075,52
2026-06-25,7203.T,5m,0.088743,64
2026-06-25,AIR.PA,5m,0.074069,101
2026-06-25,AMZN,5m,0.243997,77
2026-06-25,BNP.PA,5m,0.025282,101
2026-06-25,CC=F,5m,0.278018,104
2026-06-25,COST,5m,0.163785,77
2026-06-25,GC=F,5m,0.075047,275
2026-06-25,GOOGL,5m,0.065811,77
2026-06-25,META,5m,0.185574,77
2026-06-25,MSFT,5m,0.125382,77
2026-06-25,NZDUSD=X,5m,0.035026,287
2026-06-25,PG,5m,0.165445,77
2026-06-25,SAP.DE,5m,0.08695,101
2026-06-25,SI=F,5m,0.116709,275
2026-06-25,SIE.DE,5m,0.039975,101
2026-06-25,TSLA,5m,0.207119,77
2026-06-25,UNH,5m,0.127963,77
2026-06-25,USDCAD=X,5m,0.016269,287
2026-06-25,USDCHF=X,5m,0.020087,287
2026-06-25,USDJPY=X,5m,0.011367,287
2026-06-25,^FCHI,5m,0.024052,101
2026-06-25,^GSPC,5m,0.047483,77
2026-06-25,^KS11,5m,0.18289,71
2026-06-25,^N225,5m,0.046457,67
2026-06-26,005930.KS,5m,0.398525,66
2026-06-26,2330.TW,5m,0.266345,52
2026-06-26,9984.T,5m,0.361974,62
2026-06-26,9988.HK,5m,0.048938,66
2026-06-26,AAPL,5m,0.355613,77
2026-06-26,AIR.PA,5m,0.090117,101
2026-06-26,AMZN,5m,0.400206,77
2026-06-26,ASML.AS,5m,0.114074,101
2026-06-26,AUDUSD=X,5m,0.01343,257
2026-06-26,BNP.PA,5m,0.057345,101
2026-06-26,BTCUSDT,5m,0.035626,287
2026-06-26,BZ=F,5m,0.097679,246
2026-06-26,CC=F,5m,0.322966,104
2026-06-26,CL=F,5m,0.150848,251
2026-06-26,COST,5m,0.049516,77
2026-06-26,ETHUSDT,5m,0.151066,287
2026-06-26,EURUSD=X,5m,0.015008,257
2026-06-26,GBPUSD=X,5m,0.016611,257
2026-06-26,GC=F,5m,0.034334,251
2026-06-26,JPM,5m,0.068487,77
2026-06-26,KC=F,5m,0.228392,110
2026-06-26,KO,5m,0.059478,77
2026-06-26,MC.PA,5m,0.038532,101
2026-06-26,MSFT,5m,0.280809,77
2026-06-26,NG=F,5m,0.149127,251
2026-06-26,NZDUSD=X,5m,0.013953,257
2026-06-26,PG,5m,0.105839,77
2026-06-26,SI=F,5m,0.05927,246
2026-06-26,SOLUSDT,5m,0.140018,287
2026-06-26,TTE.PA,5m,0.083929,101
2026-06-26,USDCAD=X,5m,0.028383,253
2026-06-26,USDCHF=X,5m,0.02238,251
2026-06-26,USDJPY=X,5m,0.007119,253
2026-06-26,V,5m,0.097108,77
2026-06-26,XOM,5m,0.116693,77
2026-06-26,XRPUSDT,5m,0.102956,287
2026-06-26,ZW=F,5m,0.049087,206
2026-06-26,^FCHI,5m,0.048123,101
2026-06-26,^GDAXI,5m,0.049115,101
2026-06-26,^STOXX50E,5m,0.062386,101
2026-06-27,BNBUSDT,5m,0.004749,287
2026-06-27,BTCUSDT,5m,0.023031,287
2026-06-27,ETHUSDT,5m,0.054268,287
2026-06-27,SOLUSDT,5m,0.024206,287
2026-06-27,XRPUSDT,5m,0.044919,287
2026-06-28,BNBUSDT,5m,0.100675,287
2026-06-28,BTCUSDT,5m,0.095351,287
2026-06-28,ETHUSDT,5m,0.129099,287
2026-06-28,SOLUSDT,5m,0.134732,287
2026-06-28,XRPUSDT,5m,0.117339,287
2026-06-29,005930.KS,5m,0.262641,71
2026-06-29,2330.TW,5m,0.157365,53
2026-06-29,6758.T,5m,0.041436,65
2026-06-29,7203.T,5m,0.079185,65
2026-06-29,AAPL,5m,0.040993,77
2026-06-29,AUDUSD=X,5m,0.008971,287
2026-06-29,CC=F,5m,0.310373,104
2026-06-29,COST,5m,0.086939,77
2026-06-29,EURUSD=X,5m,0.008159,287
2026-06-29,GBPUSD=X,5m,0.010214,287
2026-06-29,GOOGL,5m,0.148765,77
2026-06-29,HG=F,5m,0.017538,275
2026-06-29,KO,5m,0.057192,77
2026-06-29,MC.PA,5m,0.075225,101
2026-06-29,NZDUSD=X,5m,0.006445,287
2026-06-29,PG,5m,0.07237,77
2026-06-29,SAN.PA,5m,0.040706,101
2026-06-29,SAP.DE,5m,0.145412,101
2026-06-29,SIE.DE,5m,0.09157,101
2026-06-29,USDCAD=X,5m,0.019862,287
2026-06-29,USDCHF=X,5m,0.011831,287
2026-06-29,USDJPY=X,5m,0.006896,287
2026-06-29,^HSI,5m,0.060903,69
2026-06-29,^KS11,5m,0.119277,71
2026-06-30,005930.KS,5m,0.188011,71
2026-06-30,0700.HK,5m,0.10282,66
2026-06-30,2330.TW,5m,0.225307,52
2026-06-30,6758.T,5m,0.047758,64
2026-06-30,7203.T,5m,0.031604,64
2026-06-30,9984.T,5m,0.145721,64
2026-06-30,9988.HK,5m,0.20954,66
2026-06-30,AAPL,5m,0.107429,77
2026-06-30,AIR.PA,5m,0.092417,101
2026-06-30,BNBUSDT,5m,0.080289,287
2026-06-30,BTCUSDT,5m,0.121181,287
2026-06-30,BZ=F,5m,0.094184,257
2026-06-30,CC=F,5m,0.283951,104
2026-06-30,CL=F,5m,0.09335,275
2026-06-30,ETHUSDT,5m,0.140104,287
2026-06-30,EURUSD=X,5m,0.013189,287
2026-06-30,GBPUSD=X,5m,0.01064,287
2026-06-30,GC=F,5m,0.013175,275
2026-06-30,GOOGL,5m,0.121547,77
2026-06-30,HG=F,5m,0.036105,272
2026-06-30,MC.PA,5m,0.102239,101
2026-06-30,META,5m,0.106973,77
2026-06-30,NG=F,5m,0.085044,274
2026-06-30,NVDA,5m,0.122542,77
2026-06-30,PG,5m,0.077346,77
2026-06-30,SAN.PA,5m,0.066552,101
2026-06-30,SAP.DE,5m,0.139322,101
2026-06-30,SI=F,5m,0.160854,275
2026-06-30,SOLUSDT,5m,0.163723,287
2026-06-30,TSLA,5m,0.10836,77
2026-06-30,TTE.PA,5m,0.065417,101
2026-06-30,UNH,5m,0.091118,77
2026-06-30,USDCAD=X,5m,0.010524,287
2026-06-30,USDCHF=X,5m,0.016662,287
2026-06-30,USDJPY=X,5m,0.023779,287
2026-06-30,XRPUSDT,5m,0.132234,287
2026-06-30,ZW=F,5m,0.077271,210
2026-06-30,^FCHI,5m,0.012016,101
2026-06-30,^GSPC,5m,0.016456,77
2026-07-01,005930.KS,5m,0.11617,71
2026-07-01,2330.TW,5m,0.126999,52
2026-07-01,6758.T,5m,0.20447,64
2026-07-01,7203.T,5m,0.065854,64
2026-07-01,9984.T,5m,0.08757,64
2026-07-01,AIR.PA,5m,0.141773,101
2026-07-01,AMZN,5m,0.111588,77
2026-07-01,BNBUSDT,5m,0.059305,287
2026-07-01,BNP.PA,5m,0.034905,101
2026-07-01,BZ=F,5m,0.066947,255
2026-07-01,CL=F,5m,0.068163,275
2026-07-01,COST,5m,0.095565,77
2026-07-01,ETHUSDT,5m,0.116723,287
2026-07-01,EURUSD=X,5m,0.009433,287
2026-07-01,GOOGL,5m,0.093503,77
2026-07-01,HG=F,5m,0.008184,274
2026-07-01,KO,5m,0.09403,77
2026-07-01,META,5m,0.192455,77
2026-07-01,MSFT,5m,0.12455,77
2026-07-01,NG=F,5m,0.086781,273
2026-07-01,SI=F,5m,0.044994,275
2026-07-01,SIE.DE,5m,0.104656,101
2026-07-01,SOLUSDT,5m,0.092139,287
2026-07-01,TSLA,5m,0.171034,77
2026-07-01,USDCAD=X,5m,0.013509,287
2026-07-01,USDCHF=X,5m,0.022988,287
2026-07-01,USDJPY=X,5m,0.010515,287
2026-07-01,XOM,5m,0.041806,77
2026-07-01,XRPUSDT,5m,0.05782,287
2026-07-01,^FCHI,5m,0.025048,101
2026-07-01,^GDAXI,5m,0.022698,101
2026-07-01,^N225,5m,0.042065,67
2026-07-01,^NDX,5m,0.045146,77
2026-07-02,0700.HK,5m,0.247735,66
2026-07-02,2330.TW,5m,0.165228,52
2026-07-02,6758.T,5m,0.055879,64
2026-07-02,9988.HK,5m,0.309564,66
2026-07-02,AAPL,5m,0.186694,77
2026-07-02,AIR.PA,5m,0.039322,101
2026-07-02,AMZN,5m,0.218772,77
2026-07-02,ASML.AS,5m,0.105842,101
2026-07-02,BNBUSDT,5m,0.07888,287
2026-07-02,BNP.PA,5m,0.02839,101
2026-07-02,BTCUSDT,5m,0.101914,287
2026-07-02,BZ=F,5m,0.015462,254
2026-07-02,CC=F,5m,0.167577,104
2026-07-02,ETHUSDT,5m,0.119599,287
2026-07-02,HG=F,5m,0.042512,270
2026-07-02,MC.PA,5m,0.126428,101
2026-07-02,META,5m,0.136084,77
2026-07-02,MSFT,5m,0.265257,77
2026-07-02,NVDA,5m,0.149069,77
2026-07-02,PG,5m,0.020624,77
2026-07-02,SI=F,5m,0.076551,275
2026-07-02,SOLUSDT,5m,0.113658,287
2026-07-02,TTE.PA,5m,0.061136,101
2026-07-02,UNH,5m,0.049904,77
2026-07-02,USDJPY=X,5m,0.02863,287
2026-07-02,V,5m,0.049502,77
2026-07-02,XRPUSDT,5m,0.049806,287
2026-07-02,ZW=F,5m,0.074408,210
2026-07-02,^FCHI,5m,0.014447,101
2026-07-02,^GSPC,5m,0.074778,77
2026-07-02,^HSI,5m,0.177563,69
2026-07-02,^NDX,5m,0.113241,77
2026-07-02,^STOXX50E,5m,0.006134,101
2026-07-03,005930.KS,5m,0.803965,71
2026-07-03,2330.TW,5m,0.1138,52
2026-07-03,9984.T,5m,0.132498,65
2026-07-03,ASML.AS,5m,0.08585,101
2026-07-03,AUDUSD=X,5m,0.012366,257
2026-07-03,BNBUSDT,5m,0.066669,287
2026-07-03,BNP.PA,5m,0.022401,101
2026-07-03,BTCUSDT,5m,0.054515,287
2026-07-03,ETHUSDT,5m,0.074134,287
2026-07-03,EURUSD=X,5m,0.008912,257
2026-07-03,GBPUSD=X,5m,0.011784,257
2026-07-03,NZDUSD=X,5m,0.005313,257
2026-07-03,SAN.PA,5m,0.079014,101
2026-07-03,SAP.DE,5m,0.053914,101
2026-07-03,SIE.DE,5m,0.058101,101
2026-07-03,SOLUSDT,5m,0.110353,287
2026-07-03,TTE.PA,5m,0.047383,101
2026-07-03,USDCAD=X,5m,0.019851,252
2026-07-03,USDCHF=X,5m,0.004795,251
2026-07-03,USDJPY=X,5m,0.006433,251
2026-07-03,XRPUSDT,5m,0.089976,287
2026-07-03,^KS11,5m,0.417959,71
2026-07-04,BTCUSDT,5m,0.046231,287
2026-07-04,ETHUSDT,5m,0.059922,287
2026-07-04,SOLUSDT,5m,0.050663,287
2026-07-04,XRPUSDT,5m,0.129434,287
2026-07-05,ETHUSDT,5m,0.039254,287
2026-07-05,SOLUSDT,5m,0.068593,287
2026-07-05,XRPUSDT,5m,0.062419,287
2026-07-06,005930.KS,5m,0.438292,71
2026-07-06,0700.HK,5m,0.182334,66
2026-07-06,2330.TW,5m,0.189512,52
2026-07-06,6758.T,5m,0.071445,65
2026-07-06,9988.HK,5m,0.046767,66
2026-07-06,AAPL,5m,0.075797,77
2026-07-06,AUDUSD=X,5m,0.009177,287
2026-07-06,BZ=F,5m,0.290427,251
2026-07-06,CC=F,5m,0.269103,104
2026-07-06,CL=F,5m,0.146109,275
2026-07-06,COST,5m,0.117795,77
2026-07-06,EURUSD=X,5m,0.009783,287
2026-07-06,GBPUSD=X,5m,0.006194,287
2026-07-06,GC=F,5m,0.044477,275
2026-07-06,HG=F,5m,0.147582,274
2026-07-06,JPM,5m,0.052028,77
2026-07-06,META,5m,0.179556,77
2026-07-06,MSFT,5m,0.210769,77
2026-07-06,NG=F,5m,0.43312,274
2026-07-06,NVDA,5m,0.049838,77
2026-07-06,NZDUSD=X,5m,0.010042,287
2026-07-06,SI=F,5m,0.318482,275
2026-07-06,SOLUSDT,5m,0.069819,287
2026-07-06,USDCAD=X,5m,0.014913,287
2026-07-06,USDCHF=X,5m,0.012586,287
2026-07-06,USDJPY=X,5m,0.004962,287
2026-07-06,XOM,5m,0.07865,77
2026-07-06,XRPUSDT,5m,0.006474,287
2026-07-06,ZW=F,5m,0.066848,210
2026-07-06,^HSI,5m,0.05966,69
2026-07-06,^KS11,5m,0.274209,71
2026-07-07,005930.KS,5m,0.23751,66
2026-07-07,2330.TW,5m,0.237471,52
2026-07-07,6758.T,5m,0.05557,64
2026-07-07,7203.T,5m,0.204891,65
2026-07-07,AAPL,5m,0.097701,77
2026-07-07,AIR.PA,5m,0.126188,101
2026-07-07,ASML.AS,5m,0.15248,101
2026-07-07,AUDUSD=X,5m,0.007662,287
2026-07-07,BNBUSDT,5m,0.022972,287
2026-07-07,BNP.PA,5m,0.075036,101
2026-07-07,COST,5m,0.162632,77
2026-07-07,EURUSD=X,5m,0.007533,287
2026-07-07,GBPUSD=X,5m,0.011797,287
2026-07-07,JPM,5m,0.070206,77
2026-07-07,KC=F,5m,0.371354,110
2026-07-07,KO,5m,0.160449,77
2026-07-07,MSFT,5m,0.170667,77
2026-07-07,NZDUSD=X,5m,0.016984,287
2026-07-07,PG,5m,0.067946,77
2026-07-07,SAN.PA,5m,0.030843,101
2026-07-07,SIE.DE,5m,0.013744,101
2026-07-07,SOLUSDT,5m,0.022281,287
2026-07-07,TSLA,5m,0.202778,77
2026-07-07,UNH,5m,0.067009,77
2026-07-07,USDCAD=X,5m,0.020501,287
2026-07-07,USDJPY=X,5m,0.010091,287
2026-07-07,^GDAXI,5m,0.048059,101
2026-07-07,^NDX,5m,0.01749,77
2026-07-07,^STOXX50E,5m,0.034418,101
2026-07-08,005930.KS,5m,0.554824,71
2026-07-08,0700.HK,5m,0.229565,66
2026-07-08,2330.TW,5m,0.174446,52
2026-07-08,6758.T,5m,0.362927,64
2026-07-08,7203.T,5m,0.075019,64
2026-07-08,9984.T,5m,0.297126,64
2026-07-08,9988.HK,5m,0.174621,66
2026-07-08,AAPL,5m,0.098642,77
2026-07-08,ASML.AS,5m,0.154754,101
2026-07-08,AUDUSD=X,5m,0.029744,287
2026-07-08,BNBUSDT,5m,0.057941,287
2026-07-08,BNP.PA,5m,0.09126,101
2026-07-08,BTCUSDT,5m,0.049299,287
2026-07-08,COST,5m,0.170127,77
2026-07-08,ETHUSDT,5m,0.037774,287
2026-07-08,EURUSD=X,5m,0.005958,287
2026-07-08,GBPUSD=X,5m,0.010387,287
2026-07-08,GC=F,5m,0.022814,275
2026-07-08,GOOGL,5m,0.082911,77
2026-07-08,HG=F,5m,0.003405,273
2026-07-08,JPM,5m,0.09637,77
2026-07-08,KO,5m,0.097567,77
2026-07-08,META,5m,0.012562,77
2026-07-08,MSFT,5m,0.095047,77
2026-07-08,NG=F,5m,0.03472,273
2026-07-08,NZDUSD=X,5m,0.04428,287
2026-07-08,PG,5m,0.130688,77
2026-07-08,SI=F,5m,0.112631,275
2026-07-08,TSLA,5m,0.231506,77
2026-07-08,UNH,5m,0.086128,77
2026-07-08,USDCAD=X,5m,0.017152,287
2026-07-08,USDCHF=X,5m,0.020196,287
2026-07-08,USDJPY=X,5m,0.007961,287
2026-07-08,V,5m,0.120607,77
2026-07-08,^GSPC,5m,0.049741,77
2026-07-08,^HSI,5m,0.080894,69
2026-07-08,^KS11,5m,0.409942,71
2026-07-08,^N225,5m,0.146855,67
2026-07-08,^NDX,5m,0.07748,77
2026-07-09,2330.TW,5m,0.252901,52
2026-07-09,6758.T,5m,0.016918,64
2026-07-09,9984.T,5m,0.307172,64
2026-07-09,9988.HK,5m,0.388749,66
2026-07-09,AAPL,5m,0.065432,77
2026-07-09,AIR.PA,5m,0.035391,101
2026-07-09,ASML.AS,5m,0.057021,101
2026-07-09,AUDUSD=X,5m,0.017958,287
2026-07-09,BNBUSDT,5m,0.063944,287
2026-07-09,BTCUSDT,5m,0.103369,287
2026-07-09,BZ=F,5m,0.071934,261
2026-07-09,CL=F,5m,0.028084,275
2026-07-09,COST,5m,0.104524,77
2026-07-09,ETHUSDT,5m,0.115172,287
2026-07-09,EURUSD=X,5m,0.018028,287
2026-07-09,GBPUSD=X,5m,0.012779,287
2026-07-09,GC=F,5m,0.056099,275
2026-07-09,HG=F,5m,0.007465,272
2026-07-09,KC=F,5m,0.042887,110
2026-07-09,KO,5m,0.116914,77
2026-07-09,MC.PA,5m,0.07334,101
2026-07-09,META,5m,0.258098,77
2026-07-09,NG=F,5m,0.103626,274
2026-07-09,NZDUSD=X,5m,0.022833,287
2026-07-09,PG,5m,0.098181,77
2026-07-09,SAP.DE,5m,0.035793,101
2026-07-09,SI=F,5m,0.060036,274
2026-07-09,SIE.DE,5m,0.06956,101
2026-07-09,SOLUSDT,5m,0.112243,287
2026-07-09,TSLA,5m,0.106268,77
2026-07-09,TTE.PA,5m,0.034504,101
2026-07-09,USDCAD=X,5m,0.015842,287
2026-07-09,USDCHF=X,5m,0.023124,287
2026-07-09,USDJPY=X,5m,0.006624,287
2026-07-09,XOM,5m,0.063227,77
2026-07-09,XRPUSDT,5m,0.098797,287
2026-07-09,^FCHI,5m,0.030098,101
2026-07-09,^GSPC,5m,0.030434,77
2026-07-09,^HSI,5m,0.145026,69
2026-07-09,^N225,5m,0.10117,67
2026-07-09,^NDX,5m,0.034297,77
2026-07-09,^STOXX50E,5m,0.029057,101
2026-07-10,005930.KS,5m,0.324527,71
2026-07-10,0700.HK,5m,0.240036,66
2026-07-10,6758.T,5m,0.090885,64
2026-07-10,9988.HK,5m,0.28817,66
2026-07-10,ASML.AS,5m,0.040052,101
2026-07-10,AUDUSD=X,5m,0.003512,257
2026-07-10,BNBUSDT,5m,0.007452,287
2026-07-10,BZ=F,5m,0.084832,250
2026-07-10,CC=F,5m,0.266855,104
2026-07-10,CL=F,5m,0.064402,251
2026-07-10,COST,5m,0.077801,77
2026-07-10,ETHUSDT,5m,0.019201,287
2026-07-10,EURUSD=X,5m,0.008557,257
2026-07-10,GBPUSD=X,5m,0.008567,257
2026-07-10,GC=F,5m,0.055456,251
2026-07-10,HG=F,5m,0.021844,251
2026-07-10,JPM,5m,0.132198,77
2026-07-10,KC=F,5m,0.286417,110
2026-07-10,KO,5m,0.042908,77
2026-07-10,META,5m,0.182041,77
2026-07-10,NVDA,5m,0.209445,77
2026-07-10,PG,5m,0.042951,77
2026-07-10,SAP.DE,5m,0.091653,101
2026-07-10,SI=F,5m,0.115477,250
2026-07-10,SIE.DE,5m,0.07785,101
2026-07-10,TSLA,5m,0.162966,77
2026-07-10,TTE.PA,5m,0.051746,101
2026-07-10,UNH,5m,0.096678,77
2026-07-10,USDCAD=X,5m,0.01322,253
2026-07-10,V,5m,0.108416,77
2026-07-10,^GSPC,5m,0.023542,77
2026-07-10,^HSI,5m,0.040041,69
2026-07-10,^KS11,5m,0.252493,71
2026-07-11,BNBUSDT,5m,0.026232,287
2026-07-11,BTCUSDT,5m,0.037959,287
2026-07-11,ETHUSDT,5m,0.025395,287
2026-07-11,SOLUSDT,5m,0.031544,287
2026-07-11,XRPUSDT,5m,0.066406,287
2026-07-12,BTCUSDT,5m,0.039441,287
2026-07-12,ETHUSDT,5m,0.061361,287
2026-07-12,SOLUSDT,5m,0.009314,287
2026-07-12,XRPUSDT,5m,0.048577,287
2026-07-13,005930.KS,5m,0.522831,66
2026-07-13,0700.HK,5m,0.134892,66
2026-07-13,2330.TW,5m,0.141047,52
2026-07-13,7203.T,5m,0.057391,65
2026-07-13,9988.HK,5m,0.19443,66
2026-07-13,AAPL,5m,0.046802,77
2026-07-13,AIR.PA,5m,0.100506,101
2026-07-13,AMZN,5m,0.09408,77
2026-07-13,ASML.AS,5m,0.21254,101
2026-07-13,BNBUSDT,5m,0.040697,287
2026-07-13,BNP.PA,5m,0.042966,101
2026-07-13,BTCUSDT,5m,0.043196,287
2026-07-13,BZ=F,5m,0.121181,272
2026-07-13,CC=F,5m,0.496185,104
2026-07-13,CL=F,5m,0.130976,275
2026-07-13,GBPUSD=X,5m,0.01022,287
2026-07-13,GOOGL,5m,0.091566,77
2026-07-13,JPM,5m,0.020798,77
2026-07-13,MC.PA,5m,0.058346,101
2026-07-13,NG=F,5m,0.087592,275
2026-07-13,NVDA,5m,0.241633,77
2026-07-13,SI=F,5m,0.057235,275
2026-07-13,SIE.DE,5m,0.106907,101
2026-07-13,SOLUSDT,5m,0.066504,287
2026-07-13,TSLA,5m,0.112583,77
2026-07-13,TTE.PA,5m,0.038773,101
2026-07-13,UNH,5m,0.078404,77
2026-07-13,USDCAD=X,5m,0.013601,287
2026-07-13,USDCHF=X,5m,0.010008,287
2026-07-13,USDJPY=X,5m,0.008428,287
2026-07-13,V,5m,0.137685,77
2026-07-13,XRPUSDT,5m,0.047391,287
2026-07-13,ZW=F,5m,0.078693,209
2026-07-13,^FCHI,5m,0.031423,101
2026-07-13,^GDAXI,5m,0.059694,101
2026-07-13,^GSPC,5m,0.075965,77
2026-07-13,^KS11,5m,0.324783,71
2026-07-13,^NDX,5m,0.119222,77
2026-07-13,^STOXX50E,5m,0.034783,101
2026-07-14,005930.KS,5m,0.662185,71
2026-07-14,0700.HK,5m,0.099609,66
2026-07-14,2330.TW,5m,0.176043,52
2026-07-14,9984.T,5m,0.276578,64
2026-07-14,AMZN,5m,0.065437,77
2026-07-14,ASML.AS,5m,0.203849,101
2026-07-14,AUDUSD=X,5m,0.026288,287
2026-07-14,BNBUSDT,5m,0.054182,287
2026-07-14,BNP.PA,5m,0.047413,101
2026-07-14,BTCUSDT,5m,0.062315,287
2026-07-14,BZ=F,5m,0.078433,267
2026-07-14,CL=F,5m,0.065209,275
2026-07-14,COST,5m,0.025374,77
2026-07-14,ETHUSDT,5m,0.066846,287
2026-07-14,EURUSD=X,5m,0.029902,287
2026-07-14,GBPUSD=X,5m,0.022304,287
2026-07-14,GC=F,5m,0.082058,275
2026-07-14,GOOGL,5m,0.069735,77
2026-07-14,KO,5m,0.123441,77
2026-07-14,MC.PA,5m,0.106243,101
2026-07-14,META,5m,0.177564,77
2026-07-14,MSFT,5m,0.119226,77
2026-07-14,NG=F,5m,0.088457,273
2026-07-14,NVDA,5m,0.077831,77
2026-07-14,NZDUSD=X,5m,0.042981,287
2026-07-14,PG,5m,0.101706,77
2026-07-14,SAN.PA,5m,0.106995,101
2026-07-14,SI=F,5m,0.155326,275
2026-07-14,SIE.DE,5m,0.015618,101
2026-07-14,SOLUSDT,5m,0.090633,287
2026-07-14,TSLA,5m,0.147757,77
2026-07-14,TTE.PA,5m,0.077842,101
2026-07-14,USDCAD=X,5m,0.023773,287
2026-07-14,USDCHF=X,5m,0.014608,287
2026-07-14,USDJPY=X,5m,0.007869,287
2026-07-14,XOM,5m,0.120319,77
2026-07-14,XRPUSDT,5m,0.038377,287
2026-07-14,^FCHI,5m,0.056234,101
2026-07-14,^GDAXI,5m,0.066334,101
2026-07-14,^KS11,5m,0.324748,71
2026-07-14,^N225,5m,0.276746,67
2026-07-14,^STOXX50E,5m,0.056292,101
2026-07-15,005930.KS,5m,0.326121,71
2026-07-15,2330.TW,5m,0.220384,53
2026-07-15,6758.T,5m,0.018011,64
2026-07-15,AAPL,5m,0.094795,77
2026-07-15,AMZN,5m,0.175661,77
2026-07-15,ASML.AS,5m,0.482345,101
2026-07-15,AUDUSD=X,5m,0.014576,287
2026-07-15,BNBUSDT,5m,0.031111,287
2026-07-15,BNP.PA,5m,0.062958,101
2026-07-15,BTCUSDT,5m,0.023295,287
2026-07-15,BZ=F,5m,0.117773,266
2026-07-15,CC=F,5m,0.45432,104
2026-07-15,CL=F,5m,0.106834,275
2026-07-15,COST,5m,0.042216,77
2026-07-15,EURUSD=X,5m,0.006636,287
2026-07-15,GOOGL,5m,0.131608,77
2026-07-15,HG=F,5m,0.023207,270
2026-07-15,KO,5m,0.075051,77
2026-07-15,MC.PA,5m,0.125457,101
2026-07-15,NG=F,5m,0.054911,271
2026-07-15,NVDA,5m,0.225754,77
2026-07-15,NZDUSD=X,5m,0.006951,287
2026-07-15,PG,5m,0.107042,77
2026-07-15,SAN.PA,5m,0.028492,101
2026-07-15,SIE.DE,5m,0.108253,101
2026-07-15,SOLUSDT,5m,0.084921,287
2026-07-15,TSLA,5m,0.16231,77
2026-07-15,USDCAD=X,5m,0.017574,287
2026-07-15,USDCHF=X,5m,0.012383,287
2026-07-15,USDJPY=X,5m,0.00506,287
2026-07-15,V,5m,0.120798,77
2026-07-15,^FCHI,5m,0.007809,101
2026-07-15,^GDAXI,5m,0.039668,101
2026-07-15,^GSPC,5m,0.062901,77
2026-07-15,^KS11,5m,0.229113,71
2026-07-15,^N225,5m,0.076415,67
2026-07-15,^NDX,5m,0.099619,77
2026-07-15,^STOXX50E,5m,0.04026,101
2026-07-16,005930.KS,5m,0.447863,71
2026-07-16,0700.HK,5m,0.254807,66
2026-07-16,2330.TW,5m,0.226203,52
2026-07-16,7203.T,5m,0.106123,64
2026-07-16,9984.T,5m,0.321531,64
2026-07-16,9988.HK,5m,0.071908,66
2026-07-16,AIR.PA,5m,0.122207,101
2026-07-16,ASML.AS,5m,0.335897,101
2026-07-16,BNP.PA,5m,0.069587,101
2026-07-16,BTCUSDT,5m,0.005964,287
2026-07-16,BZ=F,5m,0.122161,264
2026-07-16,CL=F,5m,0.116511,274
2026-07-16,EURUSD=X,5m,0.012823,287
2026-07-16,GBPUSD=X,5m,0.006736,287
2026-07-16,GOOGL,5m,0.304135,77
2026-07-16,JPM,5m,0.174176,77
2026-07-16,KC=F,5m,0.134688,109
2026-07-16,KO,5m,0.060359,77
2026-07-16,MC.PA,5m,0.171972,101
2026-07-16,META,5m,0.049087,77
2026-07-16,MSFT,5m,0.136405,77
2026-07-16,NZDUSD=X,5m,0.013611,287
2026-07-16,SAN.PA,5m,0.086796,101
2026-07-16,SAP.DE,5m,0.16862,101
2026-07-16,SI=F,5m,0.058025,274
2026-07-16,TSLA,5m,0.198794,77
2026-07-16,TTE.PA,5m,0.186015,101
2026-07-16,USDCAD=X,5m,0.014386,287
2026-07-16,USDCHF=X,5m,0.014436,287
2026-07-16,USDJPY=X,5m,0.008172,287
2026-07-16,V,5m,0.073509,77
2026-07-16,XOM,5m,0.117757,77
2026-07-16,^FCHI,5m,0.020029,101
2026-07-16,^GDAXI,5m,0.062748,101
2026-07-16,^KS11,5m,0.510917,71
2026-07-16,^N225,5m,0.16399,67
2026-07-16,^STOXX50E,5m,0.022137,101
2026-07-17,2330.TW,5m,0.10048,52
2026-07-17,6758.T,5m,0.066362,64
2026-07-17,9988.HK,5m,0.18072,66
2026-07-17,AMZN,5m,0.126036,77
2026-07-17,AUDUSD=X,5m,0.009527,257
2026-07-17,BNP.PA,5m,0.066852,101
2026-07-17,BZ=F,5m,0.05781,247
2026-07-17,CC=F,5m,0.195169,104
2026-07-17,CL=F,5m,0.063364,251
2026-07-17,ETHUSDT,5m,0.02991,287
2026-07-17,EURUSD=X,5m,0.005556,257
2026-07-17,GBPUSD=X,5m,0.010252,257
2026-07-17,GC=F,5m,0.071293,251
2026-07-17,GOOGL,5m,0.071507,77
2026-07-17,HG=F,5m,0.030202,251
2026-07-17,KC=F,5m,0.119771,110
2026-07-17,KO,5m,0.0563,77
2026-07-17,MC.PA,5m,0.061603,101
2026-07-17,META,5m,0.254977,77
2026-07-17,MSFT,5m,0.087775,77
2026-07-17,NZDUSD=X,5m,0.019107,257
2026-07-17,PG,5m,0.036244,77
2026-07-17,SI=F,5m,0.080926,251
2026-07-17,SIE.DE,5m,0.022767,100
2026-07-17,TSLA,5m,0.104961,77
2026-07-17,USDCAD=X,5m,0.018437,253
2026-07-17,USDCHF=X,5m,0.013966,251
2026-07-17,V,5m,0.115121,77
2026-07-17,XOM,5m,0.061986,77
2026-07-17,^GSPC,5m,0.028408,77
2026-07-18,SOLUSDT,5m,0.026445,287
2026-07-19,BTCUSDT,5m,0.035631,287
2026-07-19,ETHUSDT,5m,0.05988,287
2026-07-19,SOLUSDT,5m,0.046897,287
2026-07-19,XRPUSDT,5m,0.02081,287
2026-07-20,005930.KS,5m,0.459746,71
2026-07-20,0700.HK,5m,0.208163,66
2026-07-20,2330.TW,5m,0.289968,52
2026-07-20,9988.HK,5m,0.322849,66
2026-07-20,AAPL,5m,0.07655,77
2026-07-20,AIR.PA,5m,0.067239,101
2026-07-20,AMZN,5m,0.053346,77
2026-07-20,ASML.AS,5m,0.229698,101
2026-07-20,AUDUSD=X,5m,0.003026,287
2026-07-20,COST,5m,0.03532,77
2026-07-20,EURUSD=X,5m,0.014709,287
2026-07-20,GBPUSD=X,5m,0.00895,287
2026-07-20,GC=F,5m,0.042651,275
2026-07-20,JPM,5m,0.090369,77
2026-07-20,KC=F,5m,0.210543,110
2026-07-20,KO,5m,0.019926,77
2026-07-20,MC.PA,5m,0.08092,101
2026-07-20,NG=F,5m,0.034068,273
2026-07-20,NVDA,5m,0.136182,77
2026-07-20,NZDUSD=X,5m,0.016455,287
2026-07-20,PG,5m,0.043288,77
2026-07-20,SAN.PA,5m,0.075609,101
2026-07-20,SI=F,5m,0.080873,275
2026-07-20,SIE.DE,5m,0.10766,101
2026-07-20,UNH,5m,0.146372,77
2026-07-20,USDCAD=X,5m,0.017049,287
2026-07-20,USDCHF=X,5m,0.003786,287
2026-07-20,USDJPY=X,5m,0.008106,287
2026-07-20,V,5m,0.103816,77
2026-07-20,XOM,5m,0.059085,77
2026-07-20,ZW=F,5m,0.090877,209
2026-07-20,^FCHI,5m,0.034151,101
2026-07-20,^GDAXI,5m,0.042097,101
2026-07-20,^GSPC,5m,0.051964,77
2026-07-20,^HSI,5m,0.086499,69
2026-07-20,^KS11,5m,0.200708,71
2026-07-20,^NDX,5m,0.083842,77
2026-07-20,^STOXX50E,5m,0.033653,101
2026-07-21,005930.KS,5m,0.32987,71
2026-07-21,0700.HK,5m,0.255287,66
2026-07-21,2330.TW,5m,0.306269,53
2026-07-21,6758.T,5m,0.043213,65
2026-07-21,9988.HK,5m,0.281867,66
2026-07-21,AAPL,5m,0.013332,77
2026-07-21,AMZN,5m,0.065817,77
2026-07-21,ASML.AS,5m,0.197084,101
2026-07-21,AUDUSD=X,5m,0.008348,287
2026-07-21,BNBUSDT,5m,0.063004,287
2026-07-21,BTCUSDT,5m,0.065332,287
2026-07-21,COST,5m,0.117781,77
2026-07-21,ETHUSDT,5m,0.052288,287
2026-07-21,EURUSD=X,5m,0.009214,287
2026-07-21,HG=F,5m,0.037202,273
2026-07-21,JPM,5m,0.06608,77
2026-07-21,KO,5m,0.040482,77
2026-07-21,MC.PA,5m,0.116991,101
2026-07-21,META,5m,0.132058,77
2026-07-21,MSFT,5m,0.08396,77
2026-07-21,NG=F,5m,0.042291,271
2026-07-21,NZDUSD=X,5m,0.020396,287
2026-07-21,PG,5m,0.042293,77
2026-07-21,SAN.PA,5m,0.069446,101
2026-07-21,SAP.DE,5m,0.199813,101
2026-07-21,SIE.DE,5m,0.022751,101
2026-07-21,SOLUSDT,5m,0.084933,287
2026-07-21,TTE.PA,5m,0.06857,101
2026-07-21,USDCAD=X,5m,0.020796,287
2026-07-21,USDCHF=X,5m,0.012777,287
2026-07-21,USDJPY=X,5m,0.004485,287
2026-07-21,XOM,5m,0.096815,77
2026-07-21,XRPUSDT,5m,0.115764,287
2026-07-21,ZW=F,5m,0.048621,210
2026-07-21,^FCHI,5m,0.008651,101
2026-07-21,^GDAXI,5m,0.047094,101
2026-07-21,^GSPC,5m,0.03287,77
2026-07-21,^HSI,5m,0.074325,69
2026-07-21,^KS11,5m,0.266654,71
2026-07-21,^N225,5m,0.039257,67
2026-07-21,^NDX,5m,0.062319,77
2026-07-21,^STOXX50E,5m,0.029498,101
2026-07-22,005930.KS,5m,0.240298,71
2026-07-22,0700.HK,5m,0.21592,66
2026-07-22,2330.TW,5m,0.176391,52
2026-07-22,6758.T,5m,0.125456,64
2026-07-22,9984.T,5m,0.123765,65
2026-07-22,9988.HK,5m,0.221648,66
2026-07-22,AAPL,5m,0.082457,77
2026-07-22,AIR.PA,5m,0.118479,101
2026-07-22,ASML.AS,5m,0.049284,101
2026-07-22,AUDUSD=X,5m,0.00703,287
2026-07-22,BNP.PA,5m,0.051745,101
2026-07-22,BZ=F,5m,0.337686,244
2026-07-22,CC=F,5m,0.299481,104
2026-07-22,CL=F,5m,0.017376,275
2026-07-22,COST,5m,0.011528,77
2026-07-22,EURUSD=X,5m,0.009856,287
2026-07-22,GBPUSD=X,5m,0.008612,287
2026-07-22,GC=F,5m,0.018505,275
2026-07-22,GOOGL,5m,0.053015,77
2026-07-22,HG=F,5m,0.049351,274
2026-07-22,KO,5m,0.066196,77
2026-07-22,MC.PA,5m,0.131626,101
2026-07-22,NG=F,5m,0.013158,268
2026-07-22,NZDUSD=X,5m,0.007267,287
2026-07-22,PG,5m,0.068368,77
2026-07-22,SAP.DE,5m,0.154445,101
2026-07-22,SIE.DE,5m,0.055988,101
2026-07-22,TSLA,5m,0.128479,77
2026-07-22,UNH,5m,0.201061,77
2026-07-22,USDCAD=X,5m,0.014601,287
2026-07-22,USDCHF=X,5m,0.003795,287
2026-07-22,USDJPY=X,5m,0.008014,287
2026-07-22,V,5m,0.061851,77
2026-07-22,XOM,5m,0.057928,77
2026-07-22,^HSI,5m,0.074916,69
2026-07-22,^KS11,5m,0.164033,71
2026-07-22,^N225,5m,0.025817,67
2026-07-22,^NDX,5m,0.014254,77
2026-07-23,005930.KS,5m,0.233985,71
2026-07-23,2330.TW,5m,0.134706,52
2026-07-23,6758.T,5m,0.091924,64
2026-07-23,9984.T,5m,0.073492,64
2026-07-23,9988.HK,5m,0.087124,66
2026-07-23,AIR.PA,5m,0.053728,101
2026-07-23,AMZN,5m,0.091654,77
2026-07-23,BNBUSDT,5m,0.048555,287
2026-07-23,BNP.PA,5m,0.172314,101
2026-07-23,BTCUSDT,5m,0.068673,287
2026-07-23,CL=F,5m,0.137627,275
2026-07-23,COST,5m,0.089091,77
2026-07-23,ETHUSDT,5m,0.086292,287
2026-07-23,GOOGL,5m,0.183082,77
2026-07-23,JPM,5m,0.062999,77
2026-07-23,KC=F,5m,0.247933,110
2026-07-23,KO,5m,0.055765,77
2026-07-23,MC.PA,5m,0.113081,101
2026-07-23,META,5m,0.135118,77
2026-07-23,NG=F,5m,0.060222,271
2026-07-23,NVDA,5m,0.262009,77
2026-07-23,PG,5m,0.030239,77
2026-07-23,SAP.DE,5m,0.019562,101
2026-07-23,SIE.DE,5m,0.024437,101
2026-07-23,SOLUSDT,5m,0.051727,287
2026-07-23,TTE.PA,5m,0.056662,101
2026-07-23,UNH,5m,0.108234,77
2026-07-23,V,5m,0.056649,77
2026-07-23,XOM,5m,0.093446,77
2026-07-23,ZW=F,5m,0.118751,210
2026-07-23,^FCHI,5m,0.049276,101
2026-07-23,^GDAXI,5m,0.053108,101
2026-07-23,^GSPC,5m,0.079219,77
2026-07-23,^KS11,5m,0.128127,71
2026-07-23,^N225,5m,0.04195,67
2026-07-23,^NDX,5m,0.135331,77
2026-07-23,^STOXX50E,5m,0.049379,101
2026-07-24,005930.KS,5m,0.301853,71
2026-07-24,0700.HK,5m,0.069096,66
2026-07-24,2330.TW,5m,0.208194,52
2026-07-24,6758.T,5m,0.11676,64
2026-07-24,7203.T,5m,0.1206,64
2026-07-24,9984.T,5m,0.362667,64
2026-07-24,9988.HK,5m,0.201254,66
2026-07-24,AAPL,5m,0.100672,77
2026-07-24,AMZN,5m,0.209454,77
2026-07-24,AUDUSD=X,5m,0.012669,258
2026-07-24,BNBUSDT,5m,0.049992,287
2026-07-24,BNP.PA,5m,0.045294,101
2026-07-24,BTCUSDT,5m,0.057881,287
2026-07-24,CC=F,5m,0.334559,104
2026-07-24,CL=F,5m,0.130677,203
2026-07-24,COST,5m,0.049841,77
2026-07-24,ETHUSDT,5m,0.064944,287
2026-07-24,EURUSD=X,5m,0.004944,257
2026-07-24,GBPUSD=X,5m,0.006754,257
2026-07-24,GC=F,5m,0.044272,203
2026-07-24,GOOGL,5m,0.152824,77
2026-07-24,HG=F,5m,0.052758,203
2026-07-24,JPM,5m,0.101359,77
2026-07-24,KC=F,5m,0.137918,110
2026-07-24,KO,5m,0.063762,77
2026-07-24,MC.PA,5m,0.080312,101
2026-07-24,META,5m,0.036679,77
2026-07-24,MSFT,5m,0.13277,77
2026-07-24,NVDA,5m,0.119026,77
2026-07-24,NZDUSD=X,5m,0.009565,257
2026-07-24,SAN.PA,5m,0.043594,101
2026-07-24,SAP.DE,5m,0.129907,101
2026-07-24,SI=F,5m,0.111586,203
2026-07-24,SIE.DE,5m,0.019668,101
2026-07-24,SOLUSDT,5m,0.050355,287
2026-07-24,TSLA,5m,0.237701,77
2026-07-24,TTE.PA,5m,0.102822,101
2026-07-24,USDCAD=X,5m,0.01954,253
2026-07-24,USDJPY=X,5m,0.008994,251
2026-07-24,V,5m,0.069198,77
2026-07-24,XOM,5m,0.056228,77
2026-07-24,XRPUSDT,5m,0.055649,287
2026-07-24,^GDAXI,5m,0.030891,101
2026-07-24,^GSPC,5m,0.057255,77
2026-07-24,^KS11,5m,0.142849,71
2026-07-24,^N225,5m,0.098678,67
2026-07-24,^NDX,5m,0.082041,77
2026-07-25,BNBUSDT,5m,0.003386,287
2026-07-25,BTCUSDT,5m,0.019701,287
2026-07-25,ETHUSDT,5m,0.040225,287
2026-07-25,SOLUSDT,5m,0.040594,287
2026-07-25,XRPUSDT,5m,0.030788,287
2026-07-26,BNBUSDT,5m,0.041324,287
2026-07-26,ETHUSDT,5m,0.04123,287
2026-07-26,SOLUSDT,5m,0.057316,287
2026-07-26,XRPUSDT,5m,0.053977,287
2026-07-27,005930.KS,5m,0.489898,71
2026-07-27,0700.HK,5m,0.15148,66
2026-07-27,2330.TW,5m,0.264338,52
2026-07-27,9984.T,5m,0.495662,65
2026-07-27,9988.HK,5m,0.23653,66
2026-07-27,AAPL,5m,0.166458,77
2026-07-27,AMZN,5m,0.064407,77
2026-07-27,AUDUSD=X,5m,0.013089,287
2026-07-27,BNP.PA,5m,0.052019,101
2026-07-27,BZ=F,5m,0.079319,247
2026-07-27,CL=F,5m,0.051418,275
2026-07-27,COST,5m,0.073968,77
2026-07-27,EURUSD=X,5m,0.014905,287
2026-07-27,GBPUSD=X,5m,0.014502,287
2026-07-27,GOOGL,5m,0.076054,77
2026-07-27,HG=F,5m,0.025781,272
2026-07-27,JPM,5m,0.050161,77
2026-07-27,KC=F,5m,0.445929,110
2026-07-27,KO,5m,0.103059,77
2026-07-27,MC.PA,5m,0.138619,101
2026-07-27,MSFT,5m,0.070537,77
2026-07-27,NG=F,5m,0.104947,275
2026-07-27,NZDUSD=X,5m,0.0095,287
2026-07-27,PG,5m,0.032238,77
2026-07-27,SAP.DE,5m,0.183883,101
2026-07-27,SI=F,5m,0.026335,275
2026-07-27,SIE.DE,5m,0.069192,101
2026-07-27,TTE.PA,5m,0.038167,101
2026-07-27,USDCAD=X,5m,0.018212,287
2026-07-27,USDCHF=X,5m,0.023043,287
2026-07-27,USDJPY=X,5m,0.005048,287
2026-07-27,V,5m,0.103202,77
2026-07-27,XOM,5m,0.127672,77
2026-07-27,ZW=F,5m,0.087114,207
2026-07-27,^FCHI,5m,0.026103,101
2026-07-27,^GDAXI,5m,0.061394,101
2026-07-27,^HSI,5m,0.063233,69
2026-07-27,^KS11,5m,0.369615,71
2026-07-27,^N225,5m,0.171233,67
2026-07-27,^STOXX50E,5m,0.022007,101
2026-07-28,005930.KS,5m,0.259326,66
2026-07-28,2330.TW,5m,0.138091,52
2026-07-28,6758.T,5m,0.406683,64
2026-07-28,7203.T,5m,0.166482,64
2026-07-28,9984.T,5m,0.237922,64
2026-07-28,AIR.PA,5m,0.036477,101
2026-07-28,AUDUSD=X,5m,0.013729,287
2026-07-28,BNP.PA,5m,0.021188,101
2026-07-28,BTCUSDT,5m,0.059432,287
2026-07-28,CC=F,5m,0.410829,103
2026-07-28,ETHUSDT,5m,0.110984,287
2026-07-28,EURUSD=X,5m,0.008491,287
2026-07-28,GBPUSD=X,5m,0.007533,287
2026-07-28,GC=F,5m,0.050289,274
2026-07-28,GOOGL,5m,0.109075,77
2026-07-28,HG=F,5m,0.022774,274
2026-07-28,KO,5m,0.217718,77
2026-07-28,NG=F,5m,0.196567,274
2026-07-28,NZDUSD=X,5m,0.012621,287
2026-07-28,PG,5m,0.106208,77
2026-07-28,SI=F,5m,0.071545,274
2026-07-28,SIE.DE,5m,0.083113,101
2026-07-28,SOLUSDT,5m,0.091286,287
2026-07-28,TSLA,5m,0.133021,77
2026-07-28,UNH,5m,0.030963,77
2026-07-28,USDCAD=X,5m,0.01905,287
2026-07-28,USDCHF=X,5m,0.014815,287
2026-07-28,USDJPY=X,5m,0.004606,287
2026-07-28,XRPUSDT,5m,0.08794,287
2026-07-28,ZW=F,5m,0.040385,209
2026-07-29,005930.KS,5m,0.104409,66
2026-07-29,0700.HK,5m,0.23358,66
2026-07-29,2330.TW,5m,0.175482,52
2026-07-29,9988.HK,5m,0.084901,66
2026-07-29,AIR.PA,5m,0.092144,101
2026-07-29,ASML.AS,5m,0.058027,101
2026-07-29,BNBUSDT,5m,0.037592,287
2026-07-29,BNP.PA,5m,0.095868,101
2026-07-29,BTCUSDT,5m,0.029335,287
2026-07-29,BZ=F,5m,0.059791,215
2026-07-29,CL=F,5m,0.095951,275
2026-07-29,COST,5m,0.089726,77
2026-07-29,ETHUSDT,5m,0.102767,287
2026-07-29,EURUSD=X,5m,0.013811,287
2026-07-29,GBPUSD=X,5m,0.009074,287
2026-07-29,HG=F,5m,0.036095,275
2026-07-29,KC=F,5m,0.133573,110
2026-07-29,MC.PA,5m,0.097588,101
2026-07-29,META,5m,0.051249,77
2026-07-29,NG=F,5m,0.117676,270
2026-07-29,NZDUSD=X,5m,0.014164,287
2026-07-29,SAN.PA,5m,0.127552,101
2026-07-29,SIE.DE,5m,0.118853,101
2026-07-29,SOLUSDT,5m,0.061902,287
2026-07-29,TTE.PA,5m,0.029048,101
2026-07-29,USDCAD=X,5m,0.012931,287
2026-07-29,USDCHF=X,5m,0.002951,287
2026-07-29,USDJPY=X,5m,0.009103,287
2026-07-29,V,5m,0.062566,77
2026-07-29,XRPUSDT,5m,0.054827,287
2026-07-29,ZW=F,5m,0.110331,209
2026-07-29,^GDAXI,5m,0.053295,101
2026-07-29,^HSI,5m,0.093979,69
2026-07-29,^KS11,5m,0.453584,71
2026-07-29,^STOXX50E,5m,0.041877,101
2026-07-30,0700.HK,5m,0.173957,66
2026-07-30,2330.TW,5m,0.217521,53
2026-07-30,9988.HK,5m,0.165916,66
2026-07-30,AAPL,5m,0.230633,77
2026-07-30,AIR.PA,5m,0.090339,101
2026-07-30,ASML.AS,5m,0.170587,101
2026-07-30,BNBUSDT,5m,0.024314,125
2026-07-30,BNP.PA,5m,0.102588,101
2026-07-30,BTCUSDT,5m,0.014139,125
2026-07-30,CC=F,5m,0.372358,102
2026-07-30,CL=F,5m,0.049328,123
2026-07-30,COST,5m,0.165832,77
2026-07-30,EURUSD=X,5m,0.002296,125
2026-07-30,GBPUSD=X,5m,0.007927,125
2026-07-30,GC=F,5m,0.014466,123
2026-07-30,GOOGL,5m,0.04943,77
2026-07-30,HG=F,5m,0.044281,123
2026-07-30,JPM,5m,0.10267,77
2026-07-30,KO,5m,0.134993,77
2026-07-30,META,5m,0.28476,77
2026-07-30,MSFT,5m,0.02747,77
2026-07-30,NG=F,5m,0.105062,123
2026-07-30,PG,5m,0.128418,77
2026-07-30,SAN.PA,5m,0.159612,101
2026-07-30,SAP.DE,5m,0.151551,101
2026-07-30,SI=F,5m,0.098035,123
2026-07-30,SIE.DE,5m,0.044038,101
2026-07-30,SOLUSDT,5m,0.011529,113
2026-07-30,TSLA,5m,0.097609,77
2026-07-30,USDCAD=X,5m,0.017477,125
2026-07-30,V,5m,0.115125,77
2026-07-30,XRPUSDT,5m,0.028665,113
2026-07-30,ZW=F,5m,0.042742,210
2026-07-30,^FCHI,5m,0.026487,101
2026-07-30,^HSI,5m,0.059378,69
2026-07-30,^KS11,5m,0.406737,71
2026-07-30,^STOXX50E,5m,0.032571,101
2026-07-31,005930.KS,5m,0.797111,71
2026-07-31,2330.TW,5m,0.228245,52
2026-07-31,6758.T,5m,0.742033,63
2026-07-31,7203.T,5m,0.203631,65
2026-07-31,9988.HK,5m,0.296497,66
2026-07-31,AAPL,5m,0.197837,77
2026-07-31,AMZN,5m,0.203275,77
2026-07-31,BNBUSDT,5m,0.050782,287
2026-07-31,BZ=F,5m,0.190837,81
2026-07-31,CC=F,5m,0.184586,105
2026-07-31,CL=F,5m,0.21194,251
2026-07-31,GC=F,5m,0.02861,251
2026-07-31,GOOGL,5m,0.027382,77
2026-07-31,JPM,5m,0.090519,77
2026-07-31,KC=F,5m,0.431254,110
2026-07-31,KO,5m,0.100893,77
2026-07-31,NG=F,5m,0.124561,251
2026-07-31,PG,5m,0.086627,77
2026-07-31,SAN.PA,5m,0.126919,101
2026-07-31,SAP.DE,5m,0.055547,101
2026-07-31,SI=F,5m,0.051945,251
2026-07-31,TSLA,5m,0.140985,77
2026-07-31,TTE.PA,5m,0.040563,101
2026-07-31,USDCAD=X,5m,0.010345,252
2026-07-31,V,5m,0.115842,77
2026-07-31,XRPUSDT,5m,0.058218,287
2026-07-31,ZW=F,5m,0.092014,210
2026-07-31,^HSI,5m,0.106005,69
2026-07-31,^KS11,5m,0.364963,71
2026-08-01,BNBUSDT,5m,0.016805,287
2026-08-01,XRPUSDT,5m,0.029113,287
2026-08-02,BNBUSDT,5m,0.05613,287
2026-08-02,BTCUSDT,5m,0.018663,287
2026-08-02,ETHUSDT,5m,0.050109,287
2026-08-02,SOLUSDT,5m,0.041422,287
2026-08-02,XRPUSDT,5m,0.043567,287
2026-08-03,005930.KS,5m,0.165791,71
2026-08-03,0700.HK,5m,0.145856,66
2026-08-03,2330.TW,5m,0.246079,52
2026-08-03,9988.HK,5m,0.302592,66
2026-08-03,AMZN,5m,0.189146,77
2026-08-03,ASML.AS,5m,0.242894,101
2026-08-03,AUDUSD=X,5m,0.01222,287
2026-08-03,BNBUSDT,5m,0.024213,287
2026-08-03,BNP.PA,5m,0.057842,101
2026-08-03,BTCUSDT,5m,0.039734,287
2026-08-03,BZ=F,5m,0.051634,175
2026-08-03,CC=F,5m,0.396173,104
2026-08-03,CL=F,5m,0.077061,275
2026-08-03,COST,5m,0.117693,77
2026-08-03,ETHUSDT,5m,0.033675,287
2026-08-03,EURUSD=X,5m,0.011489,287
2026-08-03,GBPUSD=X,5m,0.008113,287
2026-08-03,GC=F,5m,0.040341,275
2026-08-03,HG=F,5m,0.011439,275
2026-08-03,KC=F,5m,0.285265,110
2026-08-03,KO,5m,0.11978,77
2026-08-03,MSFT,5m,0.022169,77
2026-08-03,NZDUSD=X,5m,0.020611,287
2026-08-03,PG,5m,0.131971,77
2026-08-03,SAN.PA,5m,0.132018,101
2026-08-03,SI=F,5m,0.069257,275
2026-08-03,SIE.DE,5m,0.111056,101
2026-08-03,SOLUSDT,5m,0.034504,287
2026-08-03,UNH,5m,0.097638,77
2026-08-03,USDCAD=X,5m,0.01894,287
2026-08-03,USDCHF=X,5m,0.018354,287
2026-08-03,V,5m,0.142628,77
2026-08-03,XOM,5m,0.095453,77
2026-08-03,ZW=F,5m,0.046305,208
2026-08-03,^FCHI,5m,0.035602,101
2026-08-03,^HSI,5m,0.034258,69
2026-08-03,^N225,5m,0.101439,67
2026-08-03,^NDX,5m,0.073844,77
2026-08-03,^STOXX50E,5m,0.036718,101
2026-08-04,0700.HK,5m,0.158567,66
2026-08-04,7203.T,5m,0.341411,64
2026-08-04,9988.HK,5m,0.175512,66
2026-08-04,AAPL,5m,0.100633,77
2026-08-04,AMZN,5m,0.027527,77
2026-08-04,ASML.AS,5m,0.049042,101
2026-08-04,AUDUSD=X,5m,0.015197,287
2026-08-04,BNP.PA,5m,0.060706,101
2026-08-04,COST,5m,0.061725,77
2026-08-04,EURUSD=X,5m,0.006504,287
2026-08-04,GBPUSD=X,5m,0.011075,287
2026-08-04,GOOGL,5m,0.16142,77
2026-08-04,HG=F,5m,0.040674,273
2026-08-04,KO,5m,0.075405,77
2026-08-04,MSFT,5m,0.092886,77
2026-08-04,NG=F,5m,0.052705,274
2026-08-04,NVDA,5m,0.103358,77
2026-08-04,NZDUSD=X,5m,0.014401,287
2026-08-04,PG,5m,0.034736,77
2026-08-04,SAN.PA,5m,0.088635,101
2026-08-04,TSLA,5m,0.117221,77
2026-08-04,USDCAD=X,5m,0.014314,287
2026-08-04,USDCHF=X,5m,0.015233,287
2026-08-04,XOM,5m,0.013773,77
2026-08-04,^STOXX50E,5m,0.019104,101
2026-08-05,005930.KS,5m,0.409837,71
2026-08-05,2330.TW,5m,0.178501,52
2026-08-05,9988.HK,5m,0.214068,66
2026-08-05,AIR.PA,5m,0.084307,101
2026-08-05,AUDUSD=X,5m,0.012263,287
2026-08-05,BNBUSDT,5m,0.032892,287
2026-08-05,BNP.PA,5m,0.077185,101
2026-08-05,BTCUSDT,5m,0.059211,287
2026-08-05,BZ=F,5m,0.083914,262
2026-08-05,CC=F,5m,0.270493,104
2026-08-05,CL=F,5m,0.071804,276
2026-08-05,ETHUSDT,5m,0.071317,287
2026-08-05,EURUSD=X,5m,0.00724,287
2026-08-05,GBPUSD=X,5m,0.010517,287
2026-08-05,HG=F,5m,0.043799,275
2026-08-05,JPM,5m,0.051022,77
2026-08-05,KO,5m,0.034397,77
2026-08-05,MC.PA,5m,0.236873,101
2026-08-05,META,5m,0.158884,77
2026-08-05,MSFT,5m,0.021901,77
2026-08-05,NG=F,5m,0.124662,275
2026-08-05,NVDA,5m,0.218552,77
2026-08-05,NZDUSD=X,5m,0.023397,287
2026-08-05,PG,5m,0.007575,77
2026-08-05,SAN.PA,5m,0.081347,101
2026-08-05,SAP.DE,5m,0.106594,101
2026-08-05,SIE.DE,5m,0.120327,101
2026-08-05,SOLUSDT,5m,0.057555,287
2026-08-05,TSLA,5m,0.127031,77
2026-08-05,USDCAD=X,5m,0.017399,287
2026-08-05,USDCHF=X,5m,0.012652,287
2026-08-05,V,5m,0.148151,77
2026-08-05,XRPUSDT,5m,0.036087,287
2026-08-05,ZW=F,5m,0.06552,208
2026-08-05,^FCHI,5m,0.031987,101
2026-08-05,^GDAXI,5m,0.059835,101
2026-08-05,^GSPC,5m,0.047494,77
2026-08-05,^HSI,5m,0.053727,69
2026-08-05,^KS11,5m,0.244019,71
2026-08-05,^NDX,5m,0.085199,77
2026-08-05,^STOXX50E,5m,0.032069,101
2026-08-06,005930.KS,5m,0.294154,71
2026-08-06,0700.HK,5m,0.028628,66
2026-08-06,2330.TW,5m,0.238978,52
2026-08-06,9984.T,5m,0.309634,64
2026-08-06,9988.HK,5m,0.136838,66
2026-08-06,AIR.PA,5m,0.004641,101
2026-08-06,AMZN,5m,0.19494,77
2026-08-06,ASML.AS,5m,0.159502,101
2026-08-06,AUDUSD=X,5m,0.009433,287
2026-08-06,BNBUSDT,5m,0.039351,287
2026-08-06,BNP.PA,5m,0.038826,101
2026-08-06,BTCUSDT,5m,0.040076,287
2026-08-06,BZ=F,5m,0.206175,54
2026-08-06,CC=F,5m,0.227096,104
2026-08-06,CL=F,5m,0.110934,275
2026-08-06,COST,5m,0.086643,77
2026-08-06,ETHUSDT,5m,0.069035,287
2026-08-06,EURUSD=X,5m,0.0126,287
2026-08-06,GBPUSD=X,5m,0.011915,287
2026-08-06,GC=F,5m,0.034208,275
2026-08-06,HG=F,5m,0.062783,218
2026-08-06,JPM,5m,0.077323,77
2026-08-06,KC=F,5m,0.285997,110
2026-08-06,KO,5m,0.130586,77
2026-08-06,MC.PA,5m,0.088174,101
2026-08-06,META,5m,0.037046,77
2026-08-06,MSFT,5m,0.101488,77
2026-08-06,NG=F,5m,0.103563,273
2026-08-06,NVDA,5m,0.141408,77
2026-08-06,NZDUSD=X,5m,0.008421,287
2026-08-06,PG,5m,0.117761,77
2026-08-06,SAN.PA,5m,0.122146,101
2026-08-06,SAP.DE,5m,0.141042,101
2026-08-06,SI=F,5m,0.06931,274
2026-08-06,SIE.DE,5m,0.163923,101
2026-08-06,SOLUSDT,5m,0.034947,287
2026-08-06,TSLA,5m,0.153504,77
2026-08-06,TTE.PA,5m,0.0468,101
2026-08-06,UNH,5m,0.082627,77
2026-08-06,USDCAD=X,5m,0.014749,287
2026-08-06,V,5m,0.1113,77
2026-08-06,XOM,5m,0.073635,77
2026-08-06,XRPUSDT,5m,0.066562,287
2026-08-06,ZW=F,5m,0.047511,207
2026-08-06,^FCHI,5m,0.028661,101
2026-08-06,^GDAXI,5m,0.013627,101
2026-08-06,^GSPC,5m,0.054777,77
2026-08-06,^KS11,5m,0.177276,71
2026-08-06,^N225,5m,0.154728,67
2026-08-06,^NDX,5m,0.107965,77
2026-08-06,^STOXX50E,5m,0.008459,101
2026-08-07,005930.KS,5m,0.324664,71
2026-08-07,0700.HK,5m,0.195483,66
2026-08-07,2330.TW,5m,0.182108,52
2026-08-07,6758.T,5m,0.116818,64
2026-08-07,9984.T,5m,0.126741,64
2026-08-07,9988.HK,5m,0.263354,66
2026-08-07,AIR.PA,5m,0.0366,101
2026-08-07,ASML.AS,5m,0.198499,101
2026-08-07,BNBUSDT,5m,0.034144,287
2026-08-07,BNP.PA,5m,0.055907,101
2026-08-07,BZ=F,5m,0.112569,251
2026-08-07,CC=F,5m,0.250305,104
2026-08-07,CL=F,5m,0.047571,251
2026-08-07,COST,5m,0.124622,77
2026-08-07,ETHUSDT,5m,0.029056,287
2026-08-07,EURUSD=X,5m,0.009597,257
2026-08-07,GBPUSD=X,5m,0.016003,257
2026-08-07,GC=F,5m,0.011323,251
2026-08-07,GOOGL,5m,0.054048,77
2026-08-07,HG=F,5m,0.023222,251
2026-08-07,JPM,5m,0.045153,77
2026-08-07,KC=F,5m,0.135438,110
2026-08-07,KO,5m,0.06662,77
2026-08-07,META,5m,0.09215,77
2026-08-07,MSFT,5m,0.04079,77
2026-08-07,NG=F,5m,0.106917,251
2026-08-07,NVDA,5m,0.185756,77
2026-08-07,PG,5m,0.107376,77
2026-08-07,SAN.PA,5m,0.140836,101
2026-08-07,SAP.DE,5m,0.097273,101
2026-08-07,SIE.DE,5m,0.026728,101
2026-08-07,TTE.PA,5m,0.0413,101
2026-08-07,USDCAD=X,5m,0.022718,254
2026-08-07,USDJPY=X,5m,0.049603,251
2026-08-07,V,5m,0.093521,77
2026-08-07,XRPUSDT,5m,0.045653,287
2026-08-07,^GDAXI,5m,0.016416,101
2026-08-07,^GSPC,5m,0.038633,77
2026-08-07,^HSI,5m,0.09151,69
2026-08-07,^KS11,5m,0.13583,71
2026-08-07,^NDX,5m,0.071392,77
2026-08-08,BNBUSDT,5m,0.028568,287
2026-08-08,BTCUSDT,5m,0.006561,287
2026-08-08,ETHUSDT,5m,0.017833,287
2026-08-08,XRPUSDT,5m,0.022584,287
2026-08-10,005930.KS,5m,0.129625,71
2026-08-10,0700.HK,5m,0.177523,66
2026-08-10,2330.TW,5m,0.20455,52
2026-08-10,7203.T,5m,0.084504,65
2026-08-10,9984.T,5m,0.077732,65
2026-08-10,9988.HK,5m,0.307242,66
2026-08-10,AAPL,5m,0.095392,77
2026-08-10,AIR.PA,5m,0.02215,101
2026-08-10,ASML.AS,5m,0.17884,101
2026-08-10,AUDUSD=X,5m,0.008504,287
2026-08-10,BNBUSDT,5m,0.055717,287
2026-08-10,BNP.PA,5m,0.089623,101
2026-08-10,BTCUSDT,5m,0.041896,287
2026-08-10,BZ=F,5m,0.062397,263
2026-08-10,CC=F,5m,0.283311,104
2026-08-10,CL=F,5m,0.019844,275
2026-08-10,COST,5m,0.085553,77
2026-08-10,ETHUSDT,5m,0.06328,287
2026-08-10,EURUSD=X,5m,0.009211,287
2026-08-10,GBPUSD=X,5m,0.006399,287
2026-08-10,HG=F,5m,0.041113,273
2026-08-10,JPM,5m,0.048375,77
2026-08-10,KO,5m,0.055939,77
2026-08-10,MC.PA,5m,0.089963,101
2026-08-10,NZDUSD=X,5m,0.012073,287
2026-08-10,PG,5m,0.066743,77
2026-08-10,SAN.PA,5m,0.090175,101
2026-08-10,SI=F,5m,0.004886,275
2026-08-10,SIE.DE,5m,0.064452,101
2026-08-10,SOLUSDT,5m,0.046248,287
2026-08-10,TSLA,5m,0.168302,77
2026-08-10,UNH,5m,0.085488,77
2026-08-10,USDCAD=X,5m,0.016461,287
2026-08-10,USDCHF=X,5m,0.013099,287
2026-08-10,USDJPY=X,5m,0.013602,287
2026-08-10,XOM,5m,0.143074,77
2026-08-10,XRPUSDT,5m,0.059925,287
2026-08-10,ZW=F,5m,0.054295,209
2026-08-10,^FCHI,5m,0.032831,101
2026-08-10,^GDAXI,5m,0.024502,101
2026-08-10,^GSPC,5m,0.027825,77
2026-08-10,^HSI,5m,0.084399,69
2026-08-10,^KS11,5m,0.18176,71
2026-08-10,^N225,5m,0.079334,67
2026-08-10,^NDX,5m,0.043386,77
2026-08-10,^STOXX50E,5m,0.034801,101
2026-08-11,005930.KS,5m,0.352653,71
2026-08-11,0700.HK,5m,0.054815,66
2026-08-11,2330.TW,5m,0.198615,52
2026-08-11,9988.HK,5m,0.10264,66
2026-08-11,ASML.AS,5m,0.059382,101
2026-08-11,AUDUSD=X,5m,0.009356,287
2026-08-11,BNBUSDT,5m,0.008946,287
2026-08-11,BTCUSDT,5m,0.010254,287
2026-08-11,BZ=F,5m,0.074839,260
2026-08-11,CC=F,5m,0.153125,104
2026-08-11,CL=F,5m,0.063979,275
2026-08-11,EURUSD=X,5m,0.008435,287
2026-08-11,GBPUSD=X,5m,0.007884,287
2026-08-11,GC=F,5m,0.00826,275
2026-08-11,HG=F,5m,0.032913,274
2026-08-11,KO,5m,0.076616,77
2026-08-11,NVDA,5m,0.108185,77
2026-08-11,NZDUSD=X,5m,0.012107,287
2026-08-11,SAP.DE,5m,0.021168,101
2026-08-11,SI=F,5m,0.020227,276
2026-08-11,SIE.DE,5m,0.049289,101
2026-08-11,SOLUSDT,5m,0.030973,287
2026-08-11,TSLA,5m,0.15518,77
2026-08-11,TTE.PA,5m,0.072082,101
2026-08-11,USDCAD=X,5m,0.016684,287
2026-08-11,V,5m,0.045523,77
2026-08-11,XRPUSDT,5m,0.044809,287
2026-08-11,ZW=F,5m,0.088631,207
2026-08-11,^FCHI,5m,0.001071,101
2026-08-11,^GSPC,5m,0.02772,77
2026-08-11,^HSI,5m,0.030251,69
2026-08-11,^KS11,5m,0.208285,71
2026-08-11,^NDX,5m,0.058209,77
2026-08-11,^STOXX50E,5m,0.019616,101
2026-08-12,0700.HK,5m,0.180816,66
2026-08-12,2330.TW,5m,0.256317,52
2026-08-12,6758.T,5m,0.048882,65
2026-08-12,7203.T,5m,0.063642,64
2026-08-12,9984.T,5m,0.177205,64
2026-08-12,9988.HK,5m,0.224314,66
2026-08-12,AAPL,5m,0.057214,77
2026-08-12,AIR.PA,5m,0.048896,101
2026-08-12,AMZN,5m,0.105821,77
2026-08-12,ASML.AS,5m,0.082905,101
2026-08-12,BTCUSDT,5m,0.041343,287
2026-08-12,BZ=F,5m,0.152068,259
2026-08-12,CL=F,5m,0.151732,275
2026-08-12,COST,5m,0.089537,77
2026-08-12,ETHUSDT,5m,0.066726,287
2026-08-12,EURUSD=X,5m,0.011824,287
2026-08-12,GBPUSD=X,5m,0.014594,287
2026-08-12,GC=F,5m,0.008198,275
2026-08-12,GOOGL,5m,0.104084,77
2026-08-12,HG=F,5m,0.030334,271
2026-08-12,JPM,5m,0.088995,77
2026-08-12,KC=F,5m,0.174531,110
2026-08-12,KO,5m,0.077846,77
2026-08-12,MC.PA,5m,0.078453,101
2026-08-12,NG=F,5m,0.097656,272
2026-08-12,NVDA,5m,0.152979,77
2026-08-12,PG,5m,0.074422,77
2026-08-12,SAN.PA,5m,0.095612,101
2026-08-12,SAP.DE,5m,0.110738,101
2026-08-12,SI=F,5m,0.050051,276
2026-08-12,SIE.DE,5m,0.139228,101
2026-08-12,SOLUSDT,5m,0.027635,287
2026-08-12,TSLA,5m,0.089804,77
2026-08-12,TTE.PA,5m,0.058327,101
2026-08-12,USDCAD=X,5m,0.022716,287
2026-08-12,USDCHF=X,5m,0.022198,287
2026-08-12,USDJPY=X,5m,0.019636,287
2026-08-12,XOM,5m,0.049441,77
2026-08-12,XRPUSDT,5m,0.023796,287
2026-08-12,ZW=F,5m,0.104217,209
2026-08-12,^FCHI,5m,0.029158,101
2026-08-12,^GDAXI,5m,0.044025,101
2026-08-12,^GSPC,5m,0.041663,77
2026-08-12,^HSI,5m,0.08798,69
2026-08-12,^N225,5m,0.104943,67
2026-08-12,^NDX,5m,0.082074,77
2026-08-12,^STOXX50E,5m,0.028382,101
2026-08-13,005930.KS,5m,0.142019,71
2026-08-13,0700.HK,5m,0.115451,66
2026-08-13,2330.TW,5m,0.152304,53
2026-08-13,6758.T,5m,0.067466,64
2026-08-13,7203.T,5m,0.080082,64
2026-08-13,9984.T,5m,0.242655,64
2026-08-13,9988.HK,5m,0.137328,66
2026-08-13,AAPL,5m,0.085538,77
2026-08-13,AMZN,5m,0.029701,77
2026-08-13,AUDUSD=X,5m,0.010496,287
2026-08-13,BNBUSDT,5m,0.043166,287
2026-08-13,BNP.PA,5m,0.029167,101
2026-08-13,BTCUSDT,5m,0.051488,287
2026-08-13,BZ=F,5m,0.058803,263
2026-08-13,CC=F,5m,0.190518,104
2026-08-13,COST,5m,0.09702,77
2026-08-13,ETHUSDT,5m,0.063459,287
2026-08-13,EURUSD=X,5m,0.007741,287
2026-08-13,GBPUSD=X,5m,0.001311,287
2026-08-13,GC=F,5m,0.05641,275
2026-08-13,GOOGL,5m,0.130218,77
2026-08-13,KO,5m,0.018625,77
2026-08-13,MC.PA,5m,0.091166,101
2026-08-13,META,5m,0.114577,77
2026-08-13,NVDA,5m,0.034354,77
2026-08-13,NZDUSD=X,5m,0.002617,287
2026-08-13,PG,5m,0.027721,77
2026-08-13,SAN.PA,5m,0.05388,101
2026-08-13,SAP.DE,5m,0.042556,101
2026-08-13,SI=F,5m,0.120098,275
2026-08-13,SIE.DE,5m,0.084964,101
2026-08-13,SOLUSDT,5m,0.041573,287
2026-08-13,TSLA,5m,0.102931,77
2026-08-13,UNH,5m,0.076263,77
2026-08-13,USDCAD=X,5m,0.020771,287
2026-08-13,USDCHF=X,5m,0.013804,287
2026-08-13,V,5m,0.033994,77
2026-08-13,XRPUSDT,5m,0.071271,287
2026-08-13,^FCHI,5m,0.028056,101
2026-08-13,^GDAXI,5m,0.040895,100
2026-08-13,^GSPC,5m,0.012937,77
2026-08-13,^HSI,5m,0.068656,69
2026-08-13,^KS11,5m,0.126327,71
2026-08-13,^N225,5m,0.031929,67
2026-08-13,^NDX,5m,0.019463,77
2026-08-13,^STOXX50E,5m,0.032646,101
2026-08-14,0700.HK,5m,0.120695,66
2026-08-14,2330.TW,5m,0.148346,52
2026-08-14,6758.T,5m,0.041731,64
2026-08-14,9988.HK,5m,0.201099,66
2026-08-14,AAPL,5m,0.057096,77
2026-08-14,AIR.PA,5m,0.013962,101
2026-08-14,AMZN,5m,0.101754,77
2026-08-14,ASML.AS,5m,0.083274,101
2026-08-14,AUDUSD=X,5m,0.005242,257
2026-08-14,BNBUSDT,5m,0.014083,287
2026-08-14,BZ=F,5m,0.082929,238
2026-08-14,CC=F,5m,0.092188,104
2026-08-14,CL=F,5m,0.073626,251
2026-08-14,COST,5m,0.06081,77
2026-08-14,ETHUSDT,5m,0.024805,287
2026-08-14,EURUSD=X,5m,0.008535,257
2026-08-14,GBPUSD=X,5m,0.0086,257
2026-08-14,GC=F,5m,0.050386,252
2026-08-14,GOOGL,5m,0.077083,77
2026-08-14,JPM,5m,0.074006,77
2026-08-14,MC.PA,5m,0.082792,101
2026-08-14,META,5m,0.115997,77
2026-08-14,MSFT,5m,0.039914,77
2026-08-14,NG=F,5m,0.058358,248
2026-08-14,NVDA,5m,0.049606,77
2026-08-14,NZDUSD=X,5m,0.012442,257
2026-08-14,PG,5m,0.0355,77
2026-08-14,SI=F,5m,0.121324,251
2026-08-14,SIE.DE,5m,0.021722,101
2026-08-14,SOLUSDT,5m,0.008862,287
2026-08-14,UNH,5m,0.104602,77
2026-08-14,USDCAD=X,5m,0.018944,252
2026-08-14,XOM,5m,0.016825,77
2026-08-14,XRPUSDT,5m,0.033565,287
2026-08-14,ZW=F,5m,0.013817,161
2026-08-14,^FCHI,5m,0.007721,101
2026-08-14,^GSPC,5m,0.028289,76
2026-08-14,^HSI,5m,0.040301,69
2026-08-14,^KS11,5m,0.101601,71
2026-08-14,^N225,5m,0.131858,67
2026-08-14,^NDX,5m,0.051125,77
2026-08-14,^STOXX50E,5m,0.00585,101
2026-08-15,BNBUSDT,5m,0.029141,287
2026-08-15,BTCUSDT,5m,0.018171,287
2026-08-15,ETHUSDT,5m,0.016458,287
2026-08-15,SOLUSDT,5m,0.033004,287
2026-08-15,XRPUSDT,5m,0.02778,287
2026-08-16,BNBUSDT,5m,0.029904,287
2026-08-16,BTCUSDT,5m,0.017243,287
2026-08-16,ETHUSDT,5m,0.043748,287
2026-08-16,SOLUSDT,5m,0.010292,287
2026-08-16,XRPUSDT,5m,0.059062,287
2026-08-17,0700.HK,5m,0.065606,66
2026-08-17,2330.TW,5m,0.294131,52
2026-08-17,6758.T,5m,0.119079,65
2026-08-17,7203.T,5m,0.063852,65
2026-08-17,9988.HK,5m,0.168114,66
2026-08-17,AMZN,5m,0.113539,77
2026-08-17,ASML.AS,5m,0.075724,101
2026-08-17,AUDUSD=X,5m,0.004165,287
2026-08-17,BNBUSDT,5m,0.028945,287
2026-08-17,BNP.PA,5m,0.070041,101
2026-08-17,BTCUSDT,5m,0.056534,287
2026-08-17,BZ=F,5m,0.136243,264
2026-08-17,CC=F,5m,0.319283,104
2026-08-17,CL=F,5m,0.124219,275
2026-08-17,COST,5m,0.025178,77
2026-08-17,ETHUSDT,5m,0.039323,287
2026-08-17,EURUSD=X,5m,0.006267,287
2026-08-17,GBPUSD=X,5m,0.010313,287
2026-08-17,GC=F,5m,0.006315,275
2026-08-17,GOOGL,5m,0.063256,77
2026-08-17,HG=F,5m,0.025993,275
2026-08-17,KO,5m,0.082039,77
2026-08-17,MC.PA,5m,0.087935,101
2026-08-17,NVDA,5m,0.100288,77
2026-08-17,NZDUSD=X,5m,0.009682,287
2026-08-17,SAN.PA,5m,0.092849,101
2026-08-17,SAP.DE,5m,0.183237,101
2026-08-17,SI=F,5m,0.090844,275
2026-08-17,SIE.DE,5m,0.035417,101
2026-08-17,SOLUSDT,5m,0.075318,287
2026-08-17,TTE.PA,5m,0.074713,101
2026-08-17,UNH,5m,0.117837,77
2026-08-17,USDCAD=X,5m,0.01691,287
2026-08-17,USDCHF=X,5m,0.006071,287
2026-08-17,USDJPY=X,5m,0.006138,287
2026-08-17,V,5m,0.049541,77
2026-08-17,XOM,5m,0.038338,77
2026-08-17,XRPUSDT,5m,0.04247,287
2026-08-17,ZW=F,5m,0.096862,208
2026-08-17,^FCHI,5m,0.029987,101
2026-08-17,^GDAXI,5m,0.044148,101
2026-08-17,^GSPC,5m,0.023482,77
2026-08-17,^HSI,5m,0.056509,69
2026-08-17,^N225,5m,0.04688,67
2026-08-17,^STOXX50E,5m,0.022661,101
2026-08-18,005930.KS,5m,0.437787,71
2026-08-18,2330.TW,5m,0.209176,52
2026-08-18,6758.T,5m,0.05872,65
2026-08-18,9984.T,5m,0.626378,65
2026-08-18,9988.HK,5m,0.275789,66
2026-08-18,AIR.PA,5m,0.072213,101
2026-08-18,AMZN,5m,0.010378,77
2026-08-18,AUDUSD=X,5m,0.008597,287
2026-08-18,BZ=F,5m,0.098182,257
2026-08-18,CC=F,5m,0.265304,104
2026-08-18,CL=F,5m,0.094825,275
2026-08-18,COST,5m,0.080869,77
2026-08-18,ETHUSDT,5m,0.027656,287
2026-08-18,EURUSD=X,5m,0.011409,287
2026-08-18,GBPUSD=X,5m,0.009037,287
2026-08-18,GC=F,5m,0.038205,275
2026-08-18,GOOGL,5m,0.047723,77
2026-08-18,HG=F,5m,0.083591,275
2026-08-18,JPM,5m,0.052932,77
2026-08-18,KC=F,5m,0.053595,110
2026-08-18,KO,5m,0.085024,77
2026-08-18,MC.PA,5m,0.090729,101
2026-08-18,META,5m,0.183422,77
2026-08-18,MSFT,5m,0.110764,77
2026-08-18,NG=F,5m,0.065641,274
2026-08-18,NZDUSD=X,5m,0.007795,287
2026-08-18,PG,5m,0.090061,77
2026-08-18,SAN.PA,5m,0.048689,101
2026-08-18,SAP.DE,5m,0.119007,101
2026-08-18,SI=F,5m,0.023445,275
2026-08-18,TSLA,5m,0.238841,77
2026-08-18,TTE.PA,5m,0.02499,101
2026-08-18,USDCAD=X,5m,0.023332,287
2026-08-18,USDCHF=X,5m,0.008467,287
2026-08-18,USDJPY=X,5m,0.004777,287
2026-08-18,V,5m,0.096432,77
2026-08-18,XRPUSDT,5m,0.030706,287
2026-08-18,ZW=F,5m,0.079075,208
2026-08-18,^FCHI,5m,0.013308,101
2026-08-18,^GDAXI,5m,0.046508,101
2026-08-18,^GSPC,5m,0.02796,77
2026-08-18,^KS11,5m,0.303469,71
2026-08-18,^N225,5m,0.112835,67
2026-08-18,^NDX,5m,0.035417,77
2026-08-18,^STOXX50E,5m,0.022906,101
2026-08-19,005930.KS,5m,0.167731,71
2026-08-19,2330.TW,5m,0.147723,52
2026-08-19,6758.T,5m,0.048844,64
2026-08-19,9988.HK,5m,0.227431,66
2026-08-19,AIR.PA,5m,0.069104,101
2026-08-19,AMZN,5m,0.130516,77
2026-08-19,ASML.AS,5m,0.111214,101
2026-08-19,AUDUSD=X,5m,0.010498,287
2026-08-19,BZ=F,5m,0.075009,265
2026-08-19,CL=F,5m,0.090778,275
2026-08-19,GOOGL,5m,0.121826,77
2026-08-19,HG=F,5m,0.051102,275
2026-08-19,JPM,5m,0.147494,77
2026-08-19,KC=F,5m,0.224361,110
2026-08-19,KO,5m,0.091663,77
2026-08-19,MC.PA,5m,0.090005,101
2026-08-19,NG=F,5m,0.057008,274
2026-08-19,NZDUSD=X,5m,0.016873,287
2026-08-19,PG,5m,0.073336,77
2026-08-19,TSLA,5m,0.248208,77
2026-08-19,TTE.PA,5m,0.042341,101
2026-08-19,USDCAD=X,5m,0.014681,287
2026-08-19,^FCHI,5m,0.001737,101
2026-08-19,^GDAXI,5m,0.008515,101
2026-08-19,^GSPC,5m,0.064937,77
2026-08-19,^HSI,5m,0.01604,69
2026-08-19,^KS11,5m,0.125667,71
2026-08-19,^NDX,5m,0.066908,77
2026-08-20,0700.HK,5m,0.133992,66
2026-08-20,2330.TW,5m,0.158767,52
2026-08-20,6758.T,5m,0.059353,64
2026-08-20,7203.T,5m,0.060464,64
2026-08-20,9988.HK,5m,0.350303,66
2026-08-20,AAPL,5m,0.127179,77
2026-08-20,AIR.PA,5m,0.094958,101
2026-08-20,AMZN,5m,0.085079,77
2026-08-20,ASML.AS,5m,0.104348,101
2026-08-20,AUDUSD=X,5m,0.032014,287
2026-08-20,BNP.PA,5m,0.064962,101
2026-08-20,COST,5m,0.081617,77
2026-08-20,ETHUSDT,5m,0.018464,287
2026-08-20,EURUSD=X,5m,0.019301,287
2026-08-20,GBPUSD=X,5m,0.014517,287
2026-08-20,GC=F,5m,0.049933,275
2026-08-20,HG=F,5m,0.062195,275
2026-08-20,JPM,5m,0.037569,77
2026-08-20,KC=F,5m,0.170521,110
2026-08-20,MC.PA,5m,0.03367,101
2026-08-20,META,5m,0.065026,77
2026-08-20,MSFT,5m,0.037656,77
2026-08-20,NG=F,5m,0.043499,271
2026-08-20,NVDA,5m,0.077936,77
2026-08-20,NZDUSD=X,5m,0.029979,287
2026-08-20,SAP.DE,5m,0.137479,101
2026-08-20,SOLUSDT,5m,0.007046,287
2026-08-20,TTE.PA,5m,0.052735,101
2026-08-20,UNH,5m,0.057145,77
2026-08-20,USDCAD=X,5m,0.019768,287
2026-08-20,USDCHF=X,5m,0.021115,287
2026-08-20,USDJPY=X,5m,0.009169,287
2026-08-20,XOM,5m,0.126737,77
2026-08-20,ZW=F,5m,0.038925,210
2026-08-20,^FCHI,5m,0.019716,101
2026-08-20,^GDAXI,5m,0.034868,101
2026-08-20,^GSPC,5m,0.05059,77
2026-08-20,^HSI,5m,0.089294,69
2026-08-20,^N225,5m,0.050687,67
2026-08-20,^NDX,5m,0.073684,77
2026-08-20,^STOXX50E,5m,0.00542,101
2026-08-21,0700.HK,5m,0.131392,66
2026-08-21,2330.TW,5m,0.182469,52
2026-08-21,6758.T,5m,0.168071,64
2026-08-21,7203.T,5m,0.137124,64
2026-08-21,9984.T,5m,0.113938,64
2026-08-21,9988.HK,5m,0.139889,66
2026-08-21,AIR.PA,5m,0.069002,101
2026-08-21,AUDUSD=X,5m,0.020937,257
2026-08-21,BNBUSDT,5m,0.09392,287
2026-08-21,BNP.PA,5m,0.043568,101
2026-08-21,BTCUSDT,5m,0.162967,287
2026-08-21,BZ=F,5m,0.065728,239
2026-08-21,CC=F,5m,0.21921,104
2026-08-21,ETHUSDT,5m,0.113398,287
2026-08-21,EURUSD=X,5m,0.014142,257
2026-08-21,GBPUSD=X,5m,0.006715,257
2026-08-21,GC=F,5m,0.045239,251
2026-08-21,GOOGL,5m,0.050541,77
2026-08-21,HG=F,5m,0.048088,251
2026-08-21,JPM,5m,0.101847,77
2026-08-21,KO,5m,0.026848,77
2026-08-21,MC.PA,5m,0.069081,101
2026-08-21,META,5m,0.081996,77
2026-08-21,MSFT,5m,0.019718,77
2026-08-21,NG=F,5m,0.124706,251
2026-08-21,NVDA,5m,0.039373,77
2026-08-21,NZDUSD=X,5m,0.019256,260
2026-08-21,SI=F,5m,0.054729,251
2026-08-21,SIE.DE,5m,0.038674,100
2026-08-21,SOLUSDT,5m,0.201759,287
2026-08-21,TTE.PA,5m,0.029008,101
2026-08-21,UNH,5m,0.030435,77
2026-08-21,USDCAD=X,5m,0.020395,253
2026-08-21,USDCHF=X,5m,0.019103,251
2026-08-21,USDJPY=X,5m,0.011903,252
2026-08-21,XOM,5m,0.138744,77
2026-08-21,XRPUSDT,5m,0.25209,287
2026-08-21,ZW=F,5m,0.086391,209
2026-08-21,^FCHI,5m,0.028004,101
2026-08-21,^GDAXI,5m,0.025033,101
2026-08-21,^HSI,5m,0.080225,69
2026-08-21,^KS11,5m,0.105597,71
2026-08-21,^NDX,5m,0.033859,77
2026-08-21,^STOXX50E,5m,0.02466,101
2026-08-22,ETHUSDT,5m,0.063981,287
2026-08-22,XRPUSDT,5m,0.417165,287
2026-08-23,BNBUSDT,5m,0.097107,287
2026-08-23,BTCUSDT,5m,0.075862,287
2026-08-23,ETHUSDT,5m,0.160833,287
2026-08-23,SOLUSDT,5m,0.217272,287
2026-08-23,XRPUSDT,5m,0.361694,287
2026-08-24,005930.KS,5m,0.257905,71
2026-08-24,0700.HK,5m,0.049474,66
2026-08-24,2330.TW,5m,0.207475,52
2026-08-24,6758.T,5m,0.105068,65
2026-08-24,9988.HK,5m,0.066095,66
2026-08-24,AAPL,5m,0.07708,77
2026-08-24,AMZN,5m,0.146679,77
2026-08-24,AUDUSD=X,5m,0.01574,287
2026-08-24,BNP.PA,5m,0.026554,101
2026-08-24,BZ=F,5m,0.128442,231
2026-08-24,CC=F,5m,0.142947,103
2026-08-24,CL=F,5m,0.108483,271
2026-08-24,COST,5m,0.124915,77
2026-08-24,ETHUSDT,5m,0.074151,287
2026-08-24,EURUSD=X,5m,0.012408,287
2026-08-24,GBPUSD=X,5m,0.011119,287
2026-08-24,GOOGL,5m,0.063955,77
2026-08-24,HG=F,5m,0.041106,273
2026-08-24,JPM,5m,0.05839,77
2026-08-24,KC=F,5m,0.182718,109
2026-08-24,META,5m,0.184507,77
2026-08-24,MSFT,5m,0.167437,77
2026-08-24,NG=F,5m,0.082181,270
2026-08-24,NZDUSD=X,5m,0.021134,287
2026-08-24,PG,5m,0.048694,77
2026-08-24,SAN.PA,5m,0.054826,101
2026-08-24,SAP.DE,5m,0.062229,101
2026-08-24,SOLUSDT,5m,0.084976,287
2026-08-24,TTE.PA,5m,0.077204,101
2026-08-24,UNH,5m,0.102518,77
2026-08-24,USDCAD=X,5m,0.017379,287
2026-08-24,USDCHF=X,5m,0.013916,287
2026-08-24,USDJPY=X,5m,0.009594,287
2026-08-24,V,5m,0.113427,77
2026-08-24,XOM,5m,0.002556,77
2026-08-24,XRPUSDT,5m,0.160747,287
2026-08-24,ZW=F,5m,0.012897,209
2026-08-24,^N225,5m,0.068043,67
2026-08-25,0700.HK,5m,0.09434,66
2026-08-25,2330.TW,5m,0.201831,52
2026-08-25,6758.T,5m,0.068252,64
2026-08-25,7203.T,5m,0.074083,64
2026-08-25,9984.T,5m,0.106858,64
2026-08-25,9988.HK,5m,0.14364,66
2026-08-25,AAPL,5m,0.047426,77
2026-08-25,AIR.PA,5m,0.082276,101
2026-08-25,AMZN,5m,0.089464,77
2026-08-25,ASML.AS,5m,0.170213,101
2026-08-25,AUDUSD=X,5m,0.014977,287
2026-08-25,BNBUSDT,5m,0.079865,287
2026-08-25,BNP.PA,5m,0.1054,101
2026-08-25,BTCUSDT,5m,0.014278,287
2026-08-25,BZ=F,5m,0.105692,240
2026-08-25,CC=F,5m,0.077571,104
2026-08-25,CL=F,5m,0.084287,274
2026-08-25,COST,5m,0.067866,77
2026-08-25,ETHUSDT,5m,0.130928,287
2026-08-25,EURUSD=X,5m,0.020527,287
2026-08-25,GBPUSD=X,5m,0.015969,287
2026-08-25,GC=F,5m,0.035874,273
2026-08-25,GOOGL,5m,0.037487,77
2026-08-25,HG=F,5m,0.037657,270
2026-08-25,KC=F,5m,0.114651,110
2026-08-25,KO,5m,0.102948,77
2026-08-25,MC.PA,5m,0.1168,101
2026-08-25,META,5m,0.059134,77
2026-08-25,MSFT,5m,0.048602,77
2026-08-25,NG=F,5m,0.13794,274
2026-08-25,NZDUSD=X,5m,0.017621,287
2026-08-25,PG,5m,0.069881,77
2026-08-25,SAN.PA,5m,0.039977,101
2026-08-25,SIE.DE,5m,0.047002,101
2026-08-25,SOLUSDT,5m,0.203954,287
2026-08-25,USDCAD=X,5m,0.01824,287
2026-08-25,USDCHF=X,5m,0.020213,287
2026-08-25,USDJPY=X,5m,0.010484,287
2026-08-25,V,5m,0.112445,77
2026-08-25,XRPUSDT,5m,0.215814,287
2026-08-25,ZW=F,5m,0.185751,207
2026-08-25,^FCHI,5m,0.036754,101
2026-08-25,^GDAXI,5m,0.04466,101
2026-08-25,^GSPC,5m,0.030754,77
2026-08-25,^HSI,5m,0.054525,69
2026-08-25,^NDX,5m,0.039505,77
2026-08-25,^STOXX50E,5m,0.038713,101
2026-08-26,005930.KS,5m,0.193111,71
2026-08-26,2330.TW,5m,0.226504,52
2026-08-26,6758.T,5m,0.04133,64
2026-08-26,9984.T,5m,0.201655,64
2026-08-26,9988.HK,5m,0.152917,66
2026-08-26,AMZN,5m,0.123564,77
2026-08-26,AUDUSD=X,5m,0.01104,286
2026-08-26,BTCUSDT,5m,0.065623,287
2026-08-26,BZ=F,5m,0.082313,260
2026-08-26,CL=F,5m,0.075592,274
2026-08-26,ETHUSDT,5m,0.075703,287
2026-08-26,EURUSD=X,5m,0.007401,287
2026-08-26,GBPUSD=X,5m,0.006137,287
2026-08-26,GC=F,5m,0.0231,274
2026-08-26,GOOGL,5m,0.050805,77
2026-08-26,HG=F,5m,0.044052,273
2026-08-26,JPM,5m,0.052383,77
2026-08-26,KC=F,5m,0.077131,110
2026-08-26,MC.PA,5m,0.038354,101
2026-08-26,MSFT,5m,0.094775,77
2026-08-26,NG=F,5m,0.053379,273
2026-08-26,NVDA,5m,0.075858,77
2026-08-26,NZDUSD=X,5m,0.014768,286
2026-08-26,SI=F,5m,0.055774,274
2026-08-26,SIE.DE,5m,0.049694,101
2026-08-26,SOLUSDT,5m,0.049638,287
2026-08-26,TTE.PA,5m,0.056197,101
2026-08-26,USDCAD=X,5m,0.019769,287
2026-08-26,USDCHF=X,5m,0.010746,287
2026-08-26,USDJPY=X,5m,0.003491,287
2026-08-26,XOM,5m,0.097769,77
2026-08-26,XRPUSDT,5m,0.09945,287
2026-08-26,^FCHI,5m,0.013202,101
2026-08-26,^GDAXI,5m,0.015433,101
2026-08-26,^GSPC,5m,0.007628,77
2026-08-26,^KS11,5m,0.120803,71
2026-08-26,^N225,5m,0.074053,67
2026-08-26,^NDX,5m,0.025326,77
